TalentFamily,TalentName,NodeID,ProgressionDepth,VisualRow,Rank,Cost,RequiredPathCost,EffectType,RawValue,DisplayedValue,MarginalGain,GainPerPoint,ParentNodeID,BuffID,PatternType,Confidence
SJWSkillTree / Assassin / Attaque sournoise / Attaque / Attaque augmentée,Attaque augmentée,111601,5,6,1,3 SkillPoint,23,AttFR,80,0.8%,0.8%,0.2667,111501,90000004,NON DÉTERMINÉ,FORTEMENT PROBABLE
SJWSkillTree / Assassin / Frappe vitale / EnhanceBackDamage / Attaque dans le dos II,Attaque dans le dos II,112502,4,5,1,5 SkillPoint,20,EnhanceBackDamage,320,320,320,NON DÉTERMINÉ,"112401,112303",90000015,NON DÉTERMINÉ,CONFIRMÉ PAR LES GAMEDATA; unité NON DÉTERMINÉE
SJWSkillTree / Duelliste / Frappe enragée / PeriodGiveBuff / Overdrive,Overdrive,113100,0,1,1,1 IdentityPoint,0,PeriodGiveBuff,92000201,92000201,92000201,NON DÉTERMINÉ,,92000003,NON DÉTERMINÉ,CONFIRMÉ PAR LES GAMEDATA; unité NON DÉTERMINÉE; prérequis MainQuestChapter:10301
SJWSkillTree / Duelliste / Frappe enragée / EnhanceSkillDamage / Overdrive,Overdrive,113100,0,1,1,1 IdentityPoint,0,EnhanceSkillDamage,20000,20000,20000,NON DÉTERMINÉ,,92000003,NON DÉTERMINÉ,CONFIRMÉ PAR LES GAMEDATA; unité NON DÉTERMINÉE; prérequis MainQuestChapter:10301
SJWSkillTree / Duelliste / Frappe enragée / SkillChange / Ombre vive : Contre-attaque,Ombre vive : Contre-attaque,113202,1,2,1,4 SkillPoint,2,SkillChange,1001204300000,1001204300000,1001204300000,NON DÉTERMINÉ,113101,90000034,NON DÉTERMINÉ,CONFIRMÉ PAR LES GAMEDATA; unité NON DÉTERMINÉE
SJWSkillTree / Duelliste / Frappe enragée / BreakModifier / Déséquilibre augmenté,Déséquilibre augmenté,113303,2,3,1,4 SkillPoint,6,BreakModifier,320,320,320,NON DÉTERMINÉ,113202,90000030,NON DÉTERMINÉ,CONFIRMÉ PAR LES GAMEDATA; unité NON DÉTERMINÉE
SJWSkillTree / Duelliste / Frappe enragée / Défense / Défense augmentée,Défense augmentée,113401,3,4,1,3 SkillPoint,14,ArmFR,640,6.4%,6.4%,2.1333,113302,90000031,NON DÉTERMINÉ,FORTEMENT PROBABLE
SJWSkillTree / Duelliste / Coup unique / BreakModifier / Déséquilibre augmenté\n[Effet passif spécial],Déséquilibre augmenté\n[Effet passif spécial],114401,3,4,1,5 SkillPoint,14,BreakModifier,160,160,160,NON DÉTERMINÉ,114301,90000044,NON DÉTERMINÉ,CONFIRMÉ PAR LES GAMEDATA; unité NON DÉTERMINÉE
SJWSkillTree / Duelliste / Coup unique / PV / Augmentation des PV,Augmentation des PV,114501,4,5,1,3 SkillPoint,19,IncreaseMHP,640,6.4%,6.4%,2.1333,114401,90000039,NON DÉTERMINÉ,FORTEMENT PROBABLE
SJWSkillTree / Magicien élémentaire / Glace / ElementCumulativeDam / Augmentation des dégâts de chaîne,Augmentation des dégâts de chaîne,115201,1,2,1,4 SkillPoint,2,ElementCumulativeDam,1,1,1,NON DÉTERMINÉ,115101,90000063,NON DÉTERMINÉ,CONFIRMÉ PAR LES GAMEDATA; unité NON DÉTERMINÉE
SJWSkillTree / Magicien élémentaire / Glace / ElementCumulativeDam / Augmentation des dégâts de chaîne,Augmentation des dégâts de chaîne,115201,1,2,1,4 SkillPoint,2,ElementCumulativeDam,1,1,1,NON DÉTERMINÉ,115101,90000063,NON DÉTERMINÉ,CONFIRMÉ PAR LES GAMEDATA; unité NON DÉTERMINÉE
SJWSkillTree / Magicien élémentaire / Glace / Pénétration de défense / Augmentation de la Pénétration de défense,Augmentation de la Pénétration de défense,115402,3,4,1,3 SkillPoint,8,ArmPen,80,80,80,NON DÉTERMINÉ,115301,90000062,NON DÉTERMINÉ,CONFIRMÉ PAR LES GAMEDATA; unité NON DÉTERMINÉE
SJWSkillTree / Magicien élémentaire / Feu / Pénétration de défense / Pénétration de défense augmentée,Pénétration de défense augmentée,116401,3,4,1,3 SkillPoint,8,ArmPen,80,80,80,NON DÉTERMINÉ,116301,90000074,NON DÉTERMINÉ,CONFIRMÉ PAR LES GAMEDATA; unité NON DÉTERMINÉE
SJWSkillTree / Souverain / Changement gravitationnel / DamageOnReaction / Dégâts augmentés contre les cibles à terre,Dégâts augmentés contre les cibles à terre,118201,1,2,1,4 SkillPoint,2,DamageOnReaction,480,480,480,NON DÉTERMINÉ,118101,90000098,NON DÉTERMINÉ,CONFIRMÉ PAR LES GAMEDATA; unité NON DÉTERMINÉE
Groupe 9 / Groupe 9 / Attaque / Attaque augmentée,Attaque augmentée 1 1/3,119101,0,1,1,2 SkillPoint,0,AttFR,100,1%,1%,0.5,,100000001,D. NON COMPARABLE / IRRÉGULIER,FORTEMENT PROBABLE
Groupe 9 / Groupe 9 / Attaque / Attaque augmentée,Attaque augmentée 1 2/3,119101,0,1,2,3 SkillPoint,0,AttFR,100,1%,1%,0.3333,,100000001,D. NON COMPARABLE / IRRÉGULIER,FORTEMENT PROBABLE
Groupe 9 / Groupe 9 / Attaque / Attaque augmentée,Attaque augmentée 1 3/3,119101,0,1,3,4 SkillPoint,0,AttFR,100,1%,1%,0.25,,100000001,D. NON COMPARABLE / IRRÉGULIER,FORTEMENT PROBABLE
Groupe 9 / Groupe 9 / Défense / Défense augmentée,Défense augmentée 1 1/3,119102,0,1,1,2 SkillPoint,0,ArmFR,100,1%,1%,0.5,,100000002,D. NON COMPARABLE / IRRÉGULIER,FORTEMENT PROBABLE
Groupe 9 / Groupe 9 / Défense / Défense augmentée,Défense augmentée 1 2/3,119102,0,1,2,3 SkillPoint,0,ArmFR,100,1%,1%,0.3333,,100000002,D. NON COMPARABLE / IRRÉGULIER,FORTEMENT PROBABLE
Groupe 9 / Groupe 9 / Défense / Défense augmentée,Défense augmentée 1 3/3,119102,0,1,3,4 SkillPoint,0,ArmFR,100,1%,1%,0.25,,100000002,D. NON COMPARABLE / IRRÉGULIER,FORTEMENT PROBABLE
Groupe 9 / Groupe 9 / PV / PV augmentés,PV augmentés 1 1/3,119103,0,1,1,2 SkillPoint,0,IncreaseMHP,100,1%,1%,0.5,,100000003,D. NON COMPARABLE / IRRÉGULIER,FORTEMENT PROBABLE
Groupe 9 / Groupe 9 / PV / PV augmentés,PV augmentés 1 2/3,119103,0,1,2,3 SkillPoint,0,IncreaseMHP,100,1%,1%,0.3333,,100000003,D. NON COMPARABLE / IRRÉGULIER,FORTEMENT PROBABLE
Groupe 9 / Groupe 9 / PV / PV augmentés,PV augmentés 1 3/3,119103,0,1,3,4 SkillPoint,0,IncreaseMHP,100,1%,1%,0.25,,100000003,D. NON COMPARABLE / IRRÉGULIER,FORTEMENT PROBABLE
Groupe 9 / Groupe 9 / Attaque / Attaque augmentée,Attaque augmentée 2 1/3,119201,1,2,1,2 SkillPoint,2,AttFR,200,2%,2%,1,119101,100000004,D. NON COMPARABLE / IRRÉGULIER,FORTEMENT PROBABLE
Groupe 9 / Groupe 9 / Attaque / Attaque augmentée,Attaque augmentée 2 2/3,119201,1,2,2,3 SkillPoint,2,AttFR,200,2%,2%,0.6667,119101,100000004,D. NON COMPARABLE / IRRÉGULIER,FORTEMENT PROBABLE
Groupe 9 / Groupe 9 / Attaque / Attaque augmentée,Attaque augmentée 2 3/3,119201,1,2,3,4 SkillPoint,2,AttFR,200,2%,2%,0.5,119101,100000004,D. NON COMPARABLE / IRRÉGULIER,FORTEMENT PROBABLE
Groupe 9 / Groupe 9 / Défense / Défense augmentée,Défense augmentée 2 1/3,119202,1,2,1,2 SkillPoint,2,ArmFR,200,2%,2%,1,119102,100000005,D. NON COMPARABLE / IRRÉGULIER,FORTEMENT PROBABLE
Groupe 9 / Groupe 9 / Défense / Défense augmentée,Défense augmentée 2 2/3,119202,1,2,2,3 SkillPoint,2,ArmFR,200,2%,2%,0.6667,119102,100000005,D. NON COMPARABLE / IRRÉGULIER,FORTEMENT PROBABLE
Groupe 9 / Groupe 9 / Défense / Défense augmentée,Défense augmentée 2 3/3,119202,1,2,3,4 SkillPoint,2,ArmFR,200,2%,2%,0.5,119102,100000005,D. NON COMPARABLE / IRRÉGULIER,FORTEMENT PROBABLE
Groupe 9 / Groupe 9 / PV / PV augmentés,PV augmentés 2 1/3,119203,1,2,1,2 SkillPoint,2,IncreaseMHP,200,2%,2%,1,119103,100000006,D. NON COMPARABLE / IRRÉGULIER,FORTEMENT PROBABLE
Groupe 9 / Groupe 9 / PV / PV augmentés,PV augmentés 2 2/3,119203,1,2,2,3 SkillPoint,2,IncreaseMHP,200,2%,2%,0.6667,119103,100000006,D. NON COMPARABLE / IRRÉGULIER,FORTEMENT PROBABLE
Groupe 9 / Groupe 9 / PV / PV augmentés,PV augmentés 2 3/3,119203,1,2,3,4 SkillPoint,2,IncreaseMHP,200,2%,2%,0.5,119103,100000006,D. NON COMPARABLE / IRRÉGULIER,FORTEMENT PROBABLE
Groupe 9 / Groupe 9 / Attaque / Attaque augmentée,Attaque augmentée 3 1/3,119301,2,3,1,2 SkillPoint,4,AttFR,300,3%,3%,1.5,119201,100000007,D. NON COMPARABLE / IRRÉGULIER,FORTEMENT PROBABLE
Groupe 9 / Groupe 9 / Attaque / Attaque augmentée,Attaque augmentée 3 2/3,119301,2,3,2,3 SkillPoint,4,AttFR,300,3%,3%,1,119201,100000007,D. NON COMPARABLE / IRRÉGULIER,FORTEMENT PROBABLE
Groupe 9 / Groupe 9 / Attaque / Attaque augmentée,Attaque augmentée 3 3/3,119301,2,3,3,4 SkillPoint,4,AttFR,300,3%,3%,0.75,119201,100000007,D. NON COMPARABLE / IRRÉGULIER,FORTEMENT PROBABLE
Groupe 9 / Groupe 9 / Défense / Défense augmentée,Défense augmentée 3 1/3,119302,2,3,1,2 SkillPoint,4,ArmFR,300,3%,3%,1.5,119202,100000008,D. NON COMPARABLE / IRRÉGULIER,FORTEMENT PROBABLE
Groupe 9 / Groupe 9 / Défense / Défense augmentée,Défense augmentée 3 2/3,119302,2,3,2,3 SkillPoint,4,ArmFR,300,3%,3%,1,119202,100000008,D. NON COMPARABLE / IRRÉGULIER,FORTEMENT PROBABLE
Groupe 9 / Groupe 9 / Défense / Défense augmentée,Défense augmentée 3 3/3,119302,2,3,3,4 SkillPoint,4,ArmFR,300,3%,3%,0.75,119202,100000008,D. NON COMPARABLE / IRRÉGULIER,FORTEMENT PROBABLE
Groupe 9 / Groupe 9 / PV / PV augmentés,PV augmentés 3 1/3,119303,2,3,1,2 SkillPoint,4,IncreaseMHP,300,3%,3%,1.5,119203,100000009,D. NON COMPARABLE / IRRÉGULIER,FORTEMENT PROBABLE
Groupe 9 / Groupe 9 / PV / PV augmentés,PV augmentés 3 2/3,119303,2,3,2,3 SkillPoint,4,IncreaseMHP,300,3%,3%,1,119203,100000009,D. NON COMPARABLE / IRRÉGULIER,FORTEMENT PROBABLE
Groupe 9 / Groupe 9 / PV / PV augmentés,PV augmentés 3 3/3,119303,2,3,3,4 SkillPoint,4,IncreaseMHP,300,3%,3%,0.75,119203,100000009,D. NON COMPARABLE / IRRÉGULIER,FORTEMENT PROBABLE
Groupe 9 / Groupe 9 / Attaque / Attaque augmentée,Attaque augmentée 4 1/3,119401,3,4,1,3 SkillPoint,6,AttFR,400,4%,4%,1.3333,119301,100000010,D. NON COMPARABLE / IRRÉGULIER,FORTEMENT PROBABLE
Groupe 9 / Groupe 9 / Attaque / Attaque augmentée,Attaque augmentée 4 2/3,119401,3,4,2,4 SkillPoint,6,AttFR,400,4%,4%,1,119301,100000010,D. NON COMPARABLE / IRRÉGULIER,FORTEMENT PROBABLE
Groupe 9 / Groupe 9 / Attaque / Attaque augmentée,Attaque augmentée 4 3/3,119401,3,4,3,5 SkillPoint,6,AttFR,400,4%,4%,0.8,119301,100000010,D. NON COMPARABLE / IRRÉGULIER,FORTEMENT PROBABLE
Groupe 9 / Groupe 9 / Défense / Défense augmentée,Défense augmentée 4 1/3,119402,3,4,1,3 SkillPoint,6,ArmFR,400,4%,4%,1.3333,119302,100000011,D. NON COMPARABLE / IRRÉGULIER,FORTEMENT PROBABLE
Groupe 9 / Groupe 9 / Défense / Défense augmentée,Défense augmentée 4 2/3,119402,3,4,2,4 SkillPoint,6,ArmFR,400,4%,4%,1,119302,100000011,D. NON COMPARABLE / IRRÉGULIER,FORTEMENT PROBABLE
Groupe 9 / Groupe 9 / Défense / Défense augmentée,Défense augmentée 4 3/3,119402,3,4,3,5 SkillPoint,6,ArmFR,400,4%,4%,0.8,119302,100000011,D. NON COMPARABLE / IRRÉGULIER,FORTEMENT PROBABLE
Groupe 9 / Groupe 9 / PV / PV augmentés,PV augmentés 4 1/3,119403,3,4,1,3 SkillPoint,6,IncreaseMHP,400,4%,4%,1.3333,119303,100000012,D. NON COMPARABLE / IRRÉGULIER,FORTEMENT PROBABLE
Groupe 9 / Groupe 9 / PV / PV augmentés,PV augmentés 4 2/3,119403,3,4,2,4 SkillPoint,6,IncreaseMHP,400,4%,4%,1,119303,100000012,D. NON COMPARABLE / IRRÉGULIER,FORTEMENT PROBABLE
Groupe 9 / Groupe 9 / PV / PV augmentés,PV augmentés 4 3/3,119403,3,4,3,5 SkillPoint,6,IncreaseMHP,400,4%,4%,0.8,119303,100000012,D. NON COMPARABLE / IRRÉGULIER,FORTEMENT PROBABLE
Groupe 9 / Groupe 9 / Attaque / Attaque augmentée,Attaque augmentée 5 1/3,119501,4,5,1,3 SkillPoint,9,AttFR,500,5%,5%,1.6667,119401,100000013,D. NON COMPARABLE / IRRÉGULIER,FORTEMENT PROBABLE
Groupe 9 / Groupe 9 / Attaque / Attaque augmentée,Attaque augmentée 5 2/3,119501,4,5,2,4 SkillPoint,9,AttFR,500,5%,5%,1.25,119401,100000013,D. NON COMPARABLE / IRRÉGULIER,FORTEMENT PROBABLE
Groupe 9 / Groupe 9 / Attaque / Attaque augmentée,Attaque augmentée 5 3/3,119501,4,5,3,5 SkillPoint,9,AttFR,500,5%,5%,1,119401,100000013,D. NON COMPARABLE / IRRÉGULIER,FORTEMENT PROBABLE
Groupe 9 / Groupe 9 / Défense / Défense augmentée,Défense augmentée 5 1/3,119502,4,5,1,3 SkillPoint,9,ArmFR,500,5%,5%,1.6667,119402,100000014,D. NON COMPARABLE / IRRÉGULIER,FORTEMENT PROBABLE
Groupe 9 / Groupe 9 / Défense / Défense augmentée,Défense augmentée 5 2/3,119502,4,5,2,4 SkillPoint,9,ArmFR,500,5%,5%,1.25,119402,100000014,D. NON COMPARABLE / IRRÉGULIER,FORTEMENT PROBABLE
Groupe 9 / Groupe 9 / Défense / Défense augmentée,Défense augmentée 5 3/3,119502,4,5,3,5 SkillPoint,9,ArmFR,500,5%,5%,1,119402,100000014,D. NON COMPARABLE / IRRÉGULIER,FORTEMENT PROBABLE
Groupe 9 / Groupe 9 / PV / PV augmentés,PV augmentés 5 1/3,119503,4,5,1,3 SkillPoint,9,IncreaseMHP,500,5%,5%,1.6667,119403,100000015,D. NON COMPARABLE / IRRÉGULIER,FORTEMENT PROBABLE
Groupe 9 / Groupe 9 / PV / PV augmentés,PV augmentés 5 2/3,119503,4,5,2,4 SkillPoint,9,IncreaseMHP,500,5%,5%,1.25,119403,100000015,D. NON COMPARABLE / IRRÉGULIER,FORTEMENT PROBABLE
Groupe 9 / Groupe 9 / PV / PV augmentés,PV augmentés 5 3/3,119503,4,5,3,5 SkillPoint,9,IncreaseMHP,500,5%,5%,1,119403,100000015,D. NON COMPARABLE / IRRÉGULIER,FORTEMENT PROBABLE
Groupe 9 / Groupe 9 / Attaque / Attaque augmentée,Attaque augmentée 6 1/3,119601,5,6,1,3 SkillPoint,12,AttFR,600,6%,6%,2,119501,100000016,D. NON COMPARABLE / IRRÉGULIER,FORTEMENT PROBABLE
Groupe 9 / Groupe 9 / Attaque / Attaque augmentée,Attaque augmentée 6 2/3,119601,5,6,2,4 SkillPoint,12,AttFR,600,6%,6%,1.5,119501,100000016,D. NON COMPARABLE / IRRÉGULIER,FORTEMENT PROBABLE
Groupe 9 / Groupe 9 / Attaque / Attaque augmentée,Attaque augmentée 6 3/3,119601,5,6,3,5 SkillPoint,12,AttFR,600,6%,6%,1.2,119501,100000016,D. NON COMPARABLE / IRRÉGULIER,FORTEMENT PROBABLE
Groupe 9 / Groupe 9 / Défense / Défense augmentée,Défense augmentée 6 1/3,119602,5,6,1,3 SkillPoint,12,ArmFR,600,6%,6%,2,119502,100000017,D. NON COMPARABLE / IRRÉGULIER,FORTEMENT PROBABLE
Groupe 9 / Groupe 9 / Défense / Défense augmentée,Défense augmentée 6 2/3,119602,5,6,2,4 SkillPoint,12,ArmFR,600,6%,6%,1.5,119502,100000017,D. NON COMPARABLE / IRRÉGULIER,FORTEMENT PROBABLE
Groupe 9 / Groupe 9 / Défense / Défense augmentée,Défense augmentée 6 3/3,119602,5,6,3,5 SkillPoint,12,ArmFR,600,6%,6%,1.2,119502,100000017,D. NON COMPARABLE / IRRÉGULIER,FORTEMENT PROBABLE
Groupe 9 / Groupe 9 / PV / PV augmentés,PV augmentés 6 1/3,119603,5,6,1,3 SkillPoint,12,IncreaseMHP,600,6%,6%,2,119503,100000018,D. NON COMPARABLE / IRRÉGULIER,FORTEMENT PROBABLE
Groupe 9 / Groupe 9 / PV / PV augmentés,PV augmentés 6 2/3,119603,5,6,2,4 SkillPoint,12,IncreaseMHP,600,6%,6%,1.5,119503,100000018,D. NON COMPARABLE / IRRÉGULIER,FORTEMENT PROBABLE
Groupe 9 / Groupe 9 / PV / PV augmentés,PV augmentés 6 3/3,119603,5,6,3,5 SkillPoint,12,IncreaseMHP,600,6%,6%,1.2,119503,100000018,D. NON COMPARABLE / IRRÉGULIER,FORTEMENT PROBABLE
Groupe 10 / Groupe 10 / Taux critique / Taux de coup critique,Taux de coup critique 1 1/3,1110101,0,1,1,2 SkillPoint,0,CriticalP,100,1%,1%,0.5,,100000019,D. NON COMPARABLE / IRRÉGULIER,FORTEMENT PROBABLE
Groupe 10 / Groupe 10 / Taux critique / Taux de coup critique,Taux de coup critique 1 2/3,1110101,0,1,2,3 SkillPoint,0,CriticalP,100,1%,1%,0.3333,,100000019,D. NON COMPARABLE / IRRÉGULIER,FORTEMENT PROBABLE
Groupe 10 / Groupe 10 / Taux critique / Taux de coup critique,Taux de coup critique 1 3/3,1110101,0,1,3,4 SkillPoint,0,CriticalP,100,1%,1%,0.25,,100000019,D. NON COMPARABLE / IRRÉGULIER,FORTEMENT PROBABLE
Groupe 10 / Groupe 10 / Dégâts critiques / Dégâts de coup critique,Dégâts de coup critique 1 1/3,1110102,0,1,1,2 SkillPoint,0,CriDamP,100,1%,1%,0.5,,100000020,D. NON COMPARABLE / IRRÉGULIER,FORTEMENT PROBABLE
Groupe 10 / Groupe 10 / Dégâts critiques / Dégâts de coup critique,Dégâts de coup critique 1 2/3,1110102,0,1,2,3 SkillPoint,0,CriDamP,100,1%,1%,0.3333,,100000020,D. NON COMPARABLE / IRRÉGULIER,FORTEMENT PROBABLE
Groupe 10 / Groupe 10 / Dégâts critiques / Dégâts de coup critique,Dégâts de coup critique 1 3/3,1110102,0,1,3,4 SkillPoint,0,CriDamP,100,1%,1%,0.25,,100000020,D. NON COMPARABLE / IRRÉGULIER,FORTEMENT PROBABLE
Groupe 10 / Groupe 10 / Pénétration de défense / Pénétration de défense,Pénétration de défense 1 1/3,1110103,0,1,1,2 SkillPoint,0,ArmPen,100,100,100,NON DÉTERMINÉ,,100000021,NON DÉTERMINÉ,CONFIRMÉ PAR LES GAMEDATA; unité NON DÉTERMINÉE
Groupe 10 / Groupe 10 / Pénétration de défense / Pénétration de défense,Pénétration de défense 1 2/3,1110103,0,1,2,3 SkillPoint,0,ArmPen,100,100,100,NON DÉTERMINÉ,,100000021,NON DÉTERMINÉ,CONFIRMÉ PAR LES GAMEDATA; unité NON DÉTERMINÉE
Groupe 10 / Groupe 10 / Pénétration de défense / Pénétration de défense,Pénétration de défense 1 3/3,1110103,0,1,3,4 SkillPoint,0,ArmPen,100,100,100,NON DÉTERMINÉ,,100000021,NON DÉTERMINÉ,CONFIRMÉ PAR LES GAMEDATA; unité NON DÉTERMINÉE
Groupe 10 / Groupe 10 / Taux critique / Taux de coup critique,Taux de coup critique 2 1/3,1110201,1,2,1,2 SkillPoint,2,CriticalP,200,2%,2%,1,1110101,100000022,D. NON COMPARABLE / IRRÉGULIER,FORTEMENT PROBABLE
Groupe 10 / Groupe 10 / Taux critique / Taux de coup critique,Taux de coup critique 2 2/3,1110201,1,2,2,3 SkillPoint,2,CriticalP,200,2%,2%,0.6667,1110101,100000022,D. NON COMPARABLE / IRRÉGULIER,FORTEMENT PROBABLE
Groupe 10 / Groupe 10 / Taux critique / Taux de coup critique,Taux de coup critique 2 3/3,1110201,1,2,3,4 SkillPoint,2,CriticalP,200,2%,2%,0.5,1110101,100000022,D. NON COMPARABLE / IRRÉGULIER,FORTEMENT PROBABLE
Groupe 10 / Groupe 10 / Dégâts critiques / Dégâts de coup critique,Dégâts de coup critique 2 1/3,1110202,1,2,1,2 SkillPoint,2,CriDamP,200,2%,2%,1,1110102,100000023,D. NON COMPARABLE / IRRÉGULIER,FORTEMENT PROBABLE
Groupe 10 / Groupe 10 / Dégâts critiques / Dégâts de coup critique,Dégâts de coup critique 2 2/3,1110202,1,2,2,3 SkillPoint,2,CriDamP,200,2%,2%,0.6667,1110102,100000023,D. NON COMPARABLE / IRRÉGULIER,FORTEMENT PROBABLE
Groupe 10 / Groupe 10 / Dégâts critiques / Dégâts de coup critique,Dégâts de coup critique 2 3/3,1110202,1,2,3,4 SkillPoint,2,CriDamP,200,2%,2%,0.5,1110102,100000023,D. NON COMPARABLE / IRRÉGULIER,FORTEMENT PROBABLE
Groupe 10 / Groupe 10 / Pénétration de défense / Pénétration de défense,Pénétration de défense 2 1/3,1110203,1,2,1,2 SkillPoint,2,ArmPen,200,200,200,NON DÉTERMINÉ,1110103,100000024,NON DÉTERMINÉ,CONFIRMÉ PAR LES GAMEDATA; unité NON DÉTERMINÉE
Groupe 10 / Groupe 10 / Pénétration de défense / Pénétration de défense,Pénétration de défense 2 2/3,1110203,1,2,2,3 SkillPoint,2,ArmPen,200,200,200,NON DÉTERMINÉ,1110103,100000024,NON DÉTERMINÉ,CONFIRMÉ PAR LES GAMEDATA; unité NON DÉTERMINÉE
Groupe 10 / Groupe 10 / Pénétration de défense / Pénétration de défense,Pénétration de défense 2 3/3,1110203,1,2,3,4 SkillPoint,2,ArmPen,200,200,200,NON DÉTERMINÉ,1110103,100000024,NON DÉTERMINÉ,CONFIRMÉ PAR LES GAMEDATA; unité NON DÉTERMINÉE
Groupe 10 / Groupe 10 / Taux critique / Taux de coup critique,Taux de coup critique 3 1/3,1110301,2,3,1,2 SkillPoint,4,CriticalP,300,3%,3%,1.5,1110201,100000025,D. NON COMPARABLE / IRRÉGULIER,FORTEMENT PROBABLE
Groupe 10 / Groupe 10 / Taux critique / Taux de coup critique,Taux de coup critique 3 2/3,1110301,2,3,2,3 SkillPoint,4,CriticalP,300,3%,3%,1,1110201,100000025,D. NON COMPARABLE / IRRÉGULIER,FORTEMENT PROBABLE
Groupe 10 / Groupe 10 / Taux critique / Taux de coup critique,Taux de coup critique 3 3/3,1110301,2,3,3,4 SkillPoint,4,CriticalP,300,3%,3%,0.75,1110201,100000025,D. NON COMPARABLE / IRRÉGULIER,FORTEMENT PROBABLE
Groupe 10 / Groupe 10 / Dégâts critiques / Dégâts de coup critique,Dégâts de coup critique 3 1/3,1110302,2,3,1,2 SkillPoint,4,CriDamP,300,3%,3%,1.5,1110202,100000026,D. NON COMPARABLE / IRRÉGULIER,FORTEMENT PROBABLE
Groupe 10 / Groupe 10 / Dégâts critiques / Dégâts de coup critique,Dégâts de coup critique 3 2/3,1110302,2,3,2,3 SkillPoint,4,CriDamP,300,3%,3%,1,1110202,100000026,D. NON COMPARABLE / IRRÉGULIER,FORTEMENT PROBABLE
Groupe 10 / Groupe 10 / Dégâts critiques / Dégâts de coup critique,Dégâts de coup critique 3 3/3,1110302,2,3,3,4 SkillPoint,4,CriDamP,300,3%,3%,0.75,1110202,100000026,D. NON COMPARABLE / IRRÉGULIER,FORTEMENT PROBABLE
Groupe 10 / Groupe 10 / Pénétration de défense / Pénétration de défense,Pénétration de défense 3 1/3,1110303,2,3,1,2 SkillPoint,4,ArmPen,300,300,300,NON DÉTERMINÉ,1110203,100000027,NON DÉTERMINÉ,CONFIRMÉ PAR LES GAMEDATA; unité NON DÉTERMINÉE
Groupe 10 / Groupe 10 / Pénétration de défense / Pénétration de défense,Pénétration de défense 3 2/3,1110303,2,3,2,3 SkillPoint,4,ArmPen,300,300,300,NON DÉTERMINÉ,1110203,100000027,NON DÉTERMINÉ,CONFIRMÉ PAR LES GAMEDATA; unité NON DÉTERMINÉE
Groupe 10 / Groupe 10 / Pénétration de défense / Pénétration de défense,Pénétration de défense 3 3/3,1110303,2,3,3,4 SkillPoint,4,ArmPen,300,300,300,NON DÉTERMINÉ,1110203,100000027,NON DÉTERMINÉ,CONFIRMÉ PAR LES GAMEDATA; unité NON DÉTERMINÉE
Groupe 10 / Groupe 10 / Taux critique / Taux de coup critique,Taux de coup critique 4 1/3,1110401,3,4,1,3 SkillPoint,6,CriticalP,400,4%,4%,1.3333,1110301,100000028,D. NON COMPARABLE / IRRÉGULIER,FORTEMENT PROBABLE
Groupe 10 / Groupe 10 / Taux critique / Taux de coup critique,Taux de coup critique 4 2/3,1110401,3,4,2,4 SkillPoint,6,CriticalP,400,4%,4%,1,1110301,100000028,D. NON COMPARABLE / IRRÉGULIER,FORTEMENT PROBABLE
Groupe 10 / Groupe 10 / Taux critique / Taux de coup critique,Taux de coup critique 4 3/3,1110401,3,4,3,5 SkillPoint,6,CriticalP,400,4%,4%,0.8,1110301,100000028,D. NON COMPARABLE / IRRÉGULIER,FORTEMENT PROBABLE
Groupe 10 / Groupe 10 / Dégâts critiques / Dégâts de coup critique,Dégâts de coup critique 4 1/3,1110402,3,4,1,3 SkillPoint,6,CriDamP,400,4%,4%,1.3333,1110302,100000029,D. NON COMPARABLE / IRRÉGULIER,FORTEMENT PROBABLE
Groupe 10 / Groupe 10 / Dégâts critiques / Dégâts de coup critique,Dégâts de coup critique 4 2/3,1110402,3,4,2,4 SkillPoint,6,CriDamP,400,4%,4%,1,1110302,100000029,D. NON COMPARABLE / IRRÉGULIER,FORTEMENT PROBABLE
Groupe 10 / Groupe 10 / Dégâts critiques / Dégâts de coup critique,Dégâts de coup critique 4 3/3,1110402,3,4,3,5 SkillPoint,6,CriDamP,400,4%,4%,0.8,1110302,100000029,D. NON COMPARABLE / IRRÉGULIER,FORTEMENT PROBABLE
Groupe 10 / Groupe 10 / Pénétration de défense / Pénétration de défense,Pénétration de défense 4 1/3,1110403,3,4,1,3 SkillPoint,6,ArmPen,400,400,400,NON DÉTERMINÉ,1110303,100000030,NON DÉTERMINÉ,CONFIRMÉ PAR LES GAMEDATA; unité NON DÉTERMINÉE
Groupe 10 / Groupe 10 / Pénétration de défense / Pénétration de défense,Pénétration de défense 4 2/3,1110403,3,4,2,4 SkillPoint,6,ArmPen,400,400,400,NON DÉTERMINÉ,1110303,100000030,NON DÉTERMINÉ,CONFIRMÉ PAR LES GAMEDATA; unité NON DÉTERMINÉE
Groupe 10 / Groupe 10 / Pénétration de défense / Pénétration de défense,Pénétration de défense 4 3/3,1110403,3,4,3,5 SkillPoint,6,ArmPen,400,400,400,NON DÉTERMINÉ,1110303,100000030,NON DÉTERMINÉ,CONFIRMÉ PAR LES GAMEDATA; unité NON DÉTERMINÉE
Groupe 10 / Groupe 10 / Taux critique / Taux de coup critique,Taux de coup critique 5 1/3,1110501,4,5,1,3 SkillPoint,9,CriticalP,500,5%,5%,1.6667,1110401,100000031,D. NON COMPARABLE / IRRÉGULIER,FORTEMENT PROBABLE
Groupe 10 / Groupe 10 / Taux critique / Taux de coup critique,Taux de coup critique 5 2/3,1110501,4,5,2,4 SkillPoint,9,CriticalP,500,5%,5%,1.25,1110401,100000031,D. NON COMPARABLE / IRRÉGULIER,FORTEMENT PROBABLE
Groupe 10 / Groupe 10 / Taux critique / Taux de coup critique,Taux de coup critique 5 3/3,1110501,4,5,3,5 SkillPoint,9,CriticalP,500,5%,5%,1,1110401,100000031,D. NON COMPARABLE / IRRÉGULIER,FORTEMENT PROBABLE
Groupe 10 / Groupe 10 / Dégâts critiques / Dégâts de coup critique,Dégâts de coup critique 5 1/3,1110502,4,5,1,3 SkillPoint,9,CriDamP,500,5%,5%,1.6667,1110402,100000032,D. NON COMPARABLE / IRRÉGULIER,FORTEMENT PROBABLE
Groupe 10 / Groupe 10 / Dégâts critiques / Dégâts de coup critique,Dégâts de coup critique 5 2/3,1110502,4,5,2,4 SkillPoint,9,CriDamP,500,5%,5%,1.25,1110402,100000032,D. NON COMPARABLE / IRRÉGULIER,FORTEMENT PROBABLE
Groupe 10 / Groupe 10 / Dégâts critiques / Dégâts de coup critique,Dégâts de coup critique 5 3/3,1110502,4,5,3,5 SkillPoint,9,CriDamP,500,5%,5%,1,1110402,100000032,D. NON COMPARABLE / IRRÉGULIER,FORTEMENT PROBABLE
Groupe 10 / Groupe 10 / Pénétration de défense / Pénétration de défense,Pénétration de défense 5 1/3,1110503,4,5,1,3 SkillPoint,9,ArmPen,500,500,500,NON DÉTERMINÉ,1110403,100000033,NON DÉTERMINÉ,CONFIRMÉ PAR LES GAMEDATA; unité NON DÉTERMINÉE
Groupe 10 / Groupe 10 / Pénétration de défense / Pénétration de défense,Pénétration de défense 5 2/3,1110503,4,5,2,4 SkillPoint,9,ArmPen,500,500,500,NON DÉTERMINÉ,1110403,100000033,NON DÉTERMINÉ,CONFIRMÉ PAR LES GAMEDATA; unité NON DÉTERMINÉE
Groupe 10 / Groupe 10 / Pénétration de défense / Pénétration de défense,Pénétration de défense 5 3/3,1110503,4,5,3,5 SkillPoint,9,ArmPen,500,500,500,NON DÉTERMINÉ,1110403,100000033,NON DÉTERMINÉ,CONFIRMÉ PAR LES GAMEDATA; unité NON DÉTERMINÉE
Groupe 10 / Groupe 10 / Taux critique / Taux de coup critique,Taux de coup critique 6 1/3,1110601,5,6,1,3 SkillPoint,12,CriticalP,600,6%,6%,2,1110501,100000034,D. NON COMPARABLE / IRRÉGULIER,FORTEMENT PROBABLE
Groupe 10 / Groupe 10 / Taux critique / Taux de coup critique,Taux de coup critique 6 2/3,1110601,5,6,2,4 SkillPoint,12,CriticalP,600,6%,6%,1.5,1110501,100000034,D. NON COMPARABLE / IRRÉGULIER,FORTEMENT PROBABLE
Groupe 10 / Groupe 10 / Taux critique / Taux de coup critique,Taux de coup critique 6 3/3,1110601,5,6,3,5 SkillPoint,12,CriticalP,600,6%,6%,1.2,1110501,100000034,D. NON COMPARABLE / IRRÉGULIER,FORTEMENT PROBABLE
Groupe 10 / Groupe 10 / Dégâts critiques / Dégâts de coup critique,Dégâts de coup critique 6 1/3,1110602,5,6,1,3 SkillPoint,12,CriDamP,600,6%,6%,2,1110502,100000035,D. NON COMPARABLE / IRRÉGULIER,FORTEMENT PROBABLE
Groupe 10 / Groupe 10 / Dégâts critiques / Dégâts de coup critique,Dégâts de coup critique 6 2/3,1110602,5,6,2,4 SkillPoint,12,CriDamP,600,6%,6%,1.5,1110502,100000035,D. NON COMPARABLE / IRRÉGULIER,FORTEMENT PROBABLE
Groupe 10 / Groupe 10 / Dégâts critiques / Dégâts de coup critique,Dégâts de coup critique 6 3/3,1110602,5,6,3,5 SkillPoint,12,CriDamP,600,6%,6%,1.2,1110502,100000035,D. NON COMPARABLE / IRRÉGULIER,FORTEMENT PROBABLE
Groupe 10 / Groupe 10 / Pénétration de défense / Pénétration de défense,Pénétration de défense 6 1/3,1110603,5,6,1,3 SkillPoint,12,ArmPen,600,600,600,NON DÉTERMINÉ,1110503,100000036,NON DÉTERMINÉ,CONFIRMÉ PAR LES GAMEDATA; unité NON DÉTERMINÉE
Groupe 10 / Groupe 10 / Pénétration de défense / Pénétration de défense,Pénétration de défense 6 2/3,1110603,5,6,2,4 SkillPoint,12,ArmPen,600,600,600,NON DÉTERMINÉ,1110503,100000036,NON DÉTERMINÉ,CONFIRMÉ PAR LES GAMEDATA; unité NON DÉTERMINÉE
Groupe 10 / Groupe 10 / Pénétration de défense / Pénétration de défense,Pénétration de défense 6 3/3,1110603,5,6,3,5 SkillPoint,12,ArmPen,600,600,600,NON DÉTERMINÉ,1110503,100000036,NON DÉTERMINÉ,CONFIRMÉ PAR LES GAMEDATA; unité NON DÉTERMINÉE
GSSkillTree / Épée / Cœur d'acier / IncreaseDamageByEquipGs / Hausse des dégâts de compétence à l'épée,Hausse des dégâts de compétence à l'épée 1/3,2150102,0,1,1,3 WeaponPoint,0,IncreaseDamageByEquipGs,2,2,2,NON DÉTERMINÉ,,200000001,NON DÉTERMINÉ,CONFIRMÉ PAR LES GAMEDATA; unité NON DÉTERMINÉE
GSSkillTree / Épée / Cœur d'acier / IncreaseDamageByEquipGs / Hausse des dégâts de compétence à l'épée,Hausse des dégâts de compétence à l'épée 2/3,2150102,0,1,2,NON DÉTERMINÉ,0,IncreaseDamageByEquipGs,2,2,2,NON DÉTERMINÉ,,200000001,NON DÉTERMINÉ,CONFIRMÉ PAR LES GAMEDATA; unité NON DÉTERMINÉE; coût NON DÉTERMINÉ
GSSkillTree / Épée / Cœur d'acier / IncreaseDamageByEquipGs / Hausse des dégâts de compétence à l'épée,Hausse des dégâts de compétence à l'épée 3/3,2150102,0,1,3,NON DÉTERMINÉ,0,IncreaseDamageByEquipGs,2,2,2,NON DÉTERMINÉ,,200000001,NON DÉTERMINÉ,CONFIRMÉ PAR LES GAMEDATA; unité NON DÉTERMINÉE; coût NON DÉTERMINÉ
GSSkillTree / Épée / Cœur d'acier / EnhanceSkillDamage / Charge frontale,Charge frontale,2150202,1,2,1,3 WeaponPoint,3,EnhanceSkillDamage,450,450,450,NON DÉTERMINÉ,2150102,200000002,NON DÉTERMINÉ,CONFIRMÉ PAR LES GAMEDATA; unité NON DÉTERMINÉE
GSSkillTree / Épée / Cœur d'acier / EnhanceBackDamage / Charge frontale,Charge frontale,2150202,1,2,1,3 WeaponPoint,3,EnhanceBackDamage,-750,-750,-750,NON DÉTERMINÉ,2150102,200000002,NON DÉTERMINÉ,CONFIRMÉ PAR LES GAMEDATA; unité NON DÉTERMINÉE
GSSkillTree / Épée / Cœur d'acier / Attaque / Attaque augmentée,Attaque augmentée 1/3,2150401,3,4,1,2 WeaponPoint,9,AttFR,50,0.5%,0.5%,0.25,2150302,200000004,NON DÉTERMINÉ,FORTEMENT PROBABLE
GSSkillTree / Épée / Cœur d'acier / Attaque / Attaque augmentée,Attaque augmentée 2/3,2150401,3,4,2,NON DÉTERMINÉ,9,AttFR,50,0.5%,0.5%,NON DÉTERMINÉ,2150302,200000004,NON DÉTERMINÉ,FORTEMENT PROBABLE; coût NON DÉTERMINÉ
GSSkillTree / Épée / Cœur d'acier / Attaque / Attaque augmentée,Attaque augmentée 3/3,2150401,3,4,3,NON DÉTERMINÉ,9,AttFR,50,0.5%,0.5%,NON DÉTERMINÉ,2150302,200000004,NON DÉTERMINÉ,FORTEMENT PROBABLE; coût NON DÉTERMINÉ
GSSkillTree / Épée / Cœur d'acier / Défense / Défense augmentée,Défense augmentée 1/3,2150403,3,4,1,2 WeaponPoint,9,ArmFR,100,1%,1%,0.5,2150302,200000005,NON DÉTERMINÉ,FORTEMENT PROBABLE
GSSkillTree / Épée / Cœur d'acier / Défense / Défense augmentée,Défense augmentée 2/3,2150403,3,4,2,NON DÉTERMINÉ,9,ArmFR,100,1%,1%,NON DÉTERMINÉ,2150302,200000005,NON DÉTERMINÉ,FORTEMENT PROBABLE; coût NON DÉTERMINÉ
GSSkillTree / Épée / Cœur d'acier / Défense / Défense augmentée,Défense augmentée 3/3,2150403,3,4,3,NON DÉTERMINÉ,9,ArmFR,100,1%,1%,NON DÉTERMINÉ,2150302,200000005,NON DÉTERMINÉ,FORTEMENT PROBABLE; coût NON DÉTERMINÉ
GSSkillTree / Épée / Résistance à la lame / IncreaseDamageByEquipGs / Hausse des dégâts de compétence à l'épée,Hausse des dégâts de compétence à l'épée 1/3,2151102,0,1,1,3 WeaponPoint,0,IncreaseDamageByEquipGs,2,2,2,NON DÉTERMINÉ,,200000007,NON DÉTERMINÉ,CONFIRMÉ PAR LES GAMEDATA; unité NON DÉTERMINÉE
GSSkillTree / Épée / Résistance à la lame / IncreaseDamageByEquipGs / Hausse des dégâts de compétence à l'épée,Hausse des dégâts de compétence à l'épée 2/3,2151102,0,1,2,NON DÉTERMINÉ,0,IncreaseDamageByEquipGs,2,2,2,NON DÉTERMINÉ,,200000007,NON DÉTERMINÉ,CONFIRMÉ PAR LES GAMEDATA; unité NON DÉTERMINÉE; coût NON DÉTERMINÉ
GSSkillTree / Épée / Résistance à la lame / IncreaseDamageByEquipGs / Hausse des dégâts de compétence à l'épée,Hausse des dégâts de compétence à l'épée 3/3,2151102,0,1,3,NON DÉTERMINÉ,0,IncreaseDamageByEquipGs,2,2,2,NON DÉTERMINÉ,,200000007,NON DÉTERMINÉ,CONFIRMÉ PAR LES GAMEDATA; unité NON DÉTERMINÉE; coût NON DÉTERMINÉ
GSSkillTree / Épée / Résistance à la lame / Précision / Précision augmentée,Précision augmentée 1/3,2151302,2,3,1,2 WeaponPoint,12,PrecisionP,50,0.5%,0.5%,0.25,"2151201,2151203",200000010,NON DÉTERMINÉ,FORTEMENT PROBABLE
GSSkillTree / Épée / Résistance à la lame / Précision / Précision augmentée,Précision augmentée 2/3,2151302,2,3,2,NON DÉTERMINÉ,12,PrecisionP,50,0.5%,0.5%,NON DÉTERMINÉ,"2151201,2151203",200000010,NON DÉTERMINÉ,FORTEMENT PROBABLE; coût NON DÉTERMINÉ
GSSkillTree / Épée / Résistance à la lame / Précision / Précision augmentée,Précision augmentée 3/3,2151302,2,3,3,NON DÉTERMINÉ,12,PrecisionP,50,0.5%,0.5%,NON DÉTERMINÉ,"2151201,2151203",200000010,NON DÉTERMINÉ,FORTEMENT PROBABLE; coût NON DÉTERMINÉ
GSSkillTree / Épée / Résistance à la lame / Pénétration de défense % / Pénétration de défense augmentée,Pénétration de défense augmentée 1/3,2151402,3,4,1,2 WeaponPoint,14,ArmPenP,25,0.25%,0.25%,0.125,2151302,200000011,NON DÉTERMINÉ,FORTEMENT PROBABLE
GSSkillTree / Épée / Résistance à la lame / Pénétration de défense % / Pénétration de défense augmentée,Pénétration de défense augmentée 2/3,2151402,3,4,2,NON DÉTERMINÉ,14,ArmPenP,25,0.25%,0.25%,NON DÉTERMINÉ,2151302,200000011,NON DÉTERMINÉ,FORTEMENT PROBABLE; coût NON DÉTERMINÉ
GSSkillTree / Épée / Résistance à la lame / Pénétration de défense % / Pénétration de défense augmentée,Pénétration de défense augmentée 3/3,2151402,3,4,3,NON DÉTERMINÉ,14,ArmPenP,25,0.25%,0.25%,NON DÉTERMINÉ,2151302,200000011,NON DÉTERMINÉ,FORTEMENT PROBABLE; coût NON DÉTERMINÉ
GSSkillTree / Dague / Plaie mortelle / Taux critique / Taux de coup critique augmenté,Taux de coup critique augmenté 1/3,2252101,0,1,1,2 WeaponPoint,0,CriticalP,25,0.25%,0.25%,0.125,,200000013,"A. RENDEMENT CONSTANT, GAIN ET COÛT FIXES",FORTEMENT PROBABLE
GSSkillTree / Dague / Plaie mortelle / Taux critique / Taux de coup critique augmenté,Taux de coup critique augmenté 2/3,2252101,0,1,2,NON DÉTERMINÉ,0,CriticalP,25,0.25%,0.25%,NON DÉTERMINÉ,,200000013,"A. RENDEMENT CONSTANT, GAIN ET COÛT FIXES",FORTEMENT PROBABLE; coût NON DÉTERMINÉ
GSSkillTree / Dague / Plaie mortelle / Taux critique / Taux de coup critique augmenté,Taux de coup critique augmenté 3/3,2252101,0,1,3,NON DÉTERMINÉ,0,CriticalP,25,0.25%,0.25%,NON DÉTERMINÉ,,200000013,"A. RENDEMENT CONSTANT, GAIN ET COÛT FIXES",FORTEMENT PROBABLE; coût NON DÉTERMINÉ
GSSkillTree / Dague / Plaie mortelle / Dégâts critiques / Dégâts de coup critique augmentés,Dégâts de coup critique augmentés 1/3,2252103,0,1,1,2 WeaponPoint,0,CriDamP,25,0.25%,0.25%,0.125,,200000014,"A. RENDEMENT CONSTANT, GAIN ET COÛT FIXES",FORTEMENT PROBABLE
GSSkillTree / Dague / Plaie mortelle / Dégâts critiques / Dégâts de coup critique augmentés,Dégâts de coup critique augmentés 2/3,2252103,0,1,2,NON DÉTERMINÉ,0,CriDamP,25,0.25%,0.25%,NON DÉTERMINÉ,,200000014,"A. RENDEMENT CONSTANT, GAIN ET COÛT FIXES",FORTEMENT PROBABLE; coût NON DÉTERMINÉ
GSSkillTree / Dague / Plaie mortelle / Dégâts critiques / Dégâts de coup critique augmentés,Dégâts de coup critique augmentés 3/3,2252103,0,1,3,NON DÉTERMINÉ,0,CriDamP,25,0.25%,0.25%,NON DÉTERMINÉ,,200000014,"A. RENDEMENT CONSTANT, GAIN ET COÛT FIXES",FORTEMENT PROBABLE; coût NON DÉTERMINÉ
GSSkillTree / Dague / Plaie mortelle / Taux critique / Taux de coup critique augmenté,Taux de coup critique augmenté 1/3,2252301,2,3,1,2 WeaponPoint,7,CriticalP,25,0.25%,0.25%,0.125,2252202,200000016,"A. RENDEMENT CONSTANT, GAIN ET COÛT FIXES",FORTEMENT PROBABLE
GSSkillTree / Dague / Plaie mortelle / Taux critique / Taux de coup critique augmenté,Taux de coup critique augmenté 2/3,2252301,2,3,2,NON DÉTERMINÉ,7,CriticalP,25,0.25%,0.25%,NON DÉTERMINÉ,2252202,200000016,"A. RENDEMENT CONSTANT, GAIN ET COÛT FIXES",FORTEMENT PROBABLE; coût NON DÉTERMINÉ
GSSkillTree / Dague / Plaie mortelle / Taux critique / Taux de coup critique augmenté,Taux de coup critique augmenté 3/3,2252301,2,3,3,NON DÉTERMINÉ,7,CriticalP,25,0.25%,0.25%,NON DÉTERMINÉ,2252202,200000016,"A. RENDEMENT CONSTANT, GAIN ET COÛT FIXES",FORTEMENT PROBABLE; coût NON DÉTERMINÉ
GSSkillTree / Dague / Plaie mortelle / Dégâts critiques / Dégâts de coup critique augmentés,Dégâts de coup critique augmentés 1/3,2252303,2,3,1,2 WeaponPoint,7,CriDamP,25,0.25%,0.25%,0.125,2252202,200000017,"A. RENDEMENT CONSTANT, GAIN ET COÛT FIXES",FORTEMENT PROBABLE
GSSkillTree / Dague / Plaie mortelle / Dégâts critiques / Dégâts de coup critique augmentés,Dégâts de coup critique augmentés 2/3,2252303,2,3,2,NON DÉTERMINÉ,7,CriDamP,25,0.25%,0.25%,NON DÉTERMINÉ,2252202,200000017,"A. RENDEMENT CONSTANT, GAIN ET COÛT FIXES",FORTEMENT PROBABLE; coût NON DÉTERMINÉ
GSSkillTree / Dague / Plaie mortelle / Dégâts critiques / Dégâts de coup critique augmentés,Dégâts de coup critique augmentés 3/3,2252303,2,3,3,NON DÉTERMINÉ,7,CriDamP,25,0.25%,0.25%,NON DÉTERMINÉ,2252202,200000017,"A. RENDEMENT CONSTANT, GAIN ET COÛT FIXES",FORTEMENT PROBABLE; coût NON DÉTERMINÉ
GSSkillTree / Dague / Plaie mortelle / Hausse des dégâts conditionnelle / Amplification de la douleur,Amplification de la douleur,2252401,3,4,1,3 WeaponPoint,9,IncreaseDamageByTargetBuff,300,3%,3%,1,2252301,200000018,NON DÉTERMINÉ,FORTEMENT PROBABLE
GSSkillTree / Dague / Plaie mortelle / EnhanceSkillDamage / Approche violente,Approche violente,2252403,3,4,1,3 WeaponPoint,9,EnhanceSkillDamage,1500,1500,1500,NON DÉTERMINÉ,2252303,200000019,NON DÉTERMINÉ,CONFIRMÉ PAR LES GAMEDATA; unité NON DÉTERMINÉE
GSSkillTree / Dague / Éviction / IncreaseDamageByEquipGs / Dégâts de compétence à la dague augmentés,Dégâts de compétence à la dague augmentés 1/3,2253101,0,1,1,3 WeaponPoint,0,IncreaseDamageByEquipGs,1,1,1,NON DÉTERMINÉ,,200000020,NON DÉTERMINÉ,CONFIRMÉ PAR LES GAMEDATA; unité NON DÉTERMINÉE
GSSkillTree / Dague / Éviction / IncreaseDamageByEquipGs / Dégâts de compétence à la dague augmentés,Dégâts de compétence à la dague augmentés 2/3,2253101,0,1,2,NON DÉTERMINÉ,0,IncreaseDamageByEquipGs,1,1,1,NON DÉTERMINÉ,,200000020,NON DÉTERMINÉ,CONFIRMÉ PAR LES GAMEDATA; unité NON DÉTERMINÉE; coût NON DÉTERMINÉ
GSSkillTree / Dague / Éviction / IncreaseDamageByEquipGs / Dégâts de compétence à la dague augmentés,Dégâts de compétence à la dague augmentés 3/3,2253101,0,1,3,NON DÉTERMINÉ,0,IncreaseDamageByEquipGs,1,1,1,NON DÉTERMINÉ,,200000020,NON DÉTERMINÉ,CONFIRMÉ PAR LES GAMEDATA; unité NON DÉTERMINÉE; coût NON DÉTERMINÉ
GSSkillTree / Dague / Éviction / EnhanceBackDamage / Dégâts des attaques dans le dos augmentés,Dégâts des attaques dans le dos augmentés 1/3,2253103,0,1,1,3 WeaponPoint,0,EnhanceBackDamage,150,150,150,NON DÉTERMINÉ,,200000021,NON DÉTERMINÉ,CONFIRMÉ PAR LES GAMEDATA; unité NON DÉTERMINÉE
GSSkillTree / Dague / Éviction / EnhanceBackDamage / Dégâts des attaques dans le dos augmentés,Dégâts des attaques dans le dos augmentés 2/3,2253103,0,1,2,NON DÉTERMINÉ,0,EnhanceBackDamage,150,150,150,NON DÉTERMINÉ,,200000021,NON DÉTERMINÉ,CONFIRMÉ PAR LES GAMEDATA; unité NON DÉTERMINÉE; coût NON DÉTERMINÉ
GSSkillTree / Dague / Éviction / EnhanceBackDamage / Dégâts des attaques dans le dos augmentés,Dégâts des attaques dans le dos augmentés 3/3,2253103,0,1,3,NON DÉTERMINÉ,0,EnhanceBackDamage,150,150,150,NON DÉTERMINÉ,,200000021,NON DÉTERMINÉ,CONFIRMÉ PAR LES GAMEDATA; unité NON DÉTERMINÉE; coût NON DÉTERMINÉ
GSSkillTree / Dague / Éviction / EnhanceSkillDamage / Attaque en embuscade,Attaque en embuscade,2253202,1,2,1,3 WeaponPoint,6,EnhanceSkillDamage,-300,-300,-300,NON DÉTERMINÉ,"2253101,2253103",200000022,NON DÉTERMINÉ,CONFIRMÉ PAR LES GAMEDATA; unité NON DÉTERMINÉE
GSSkillTree / Dague / Éviction / EnhanceBackDamage / Attaque en embuscade,Attaque en embuscade,2253202,1,2,1,3 WeaponPoint,6,EnhanceBackDamage,750,750,750,NON DÉTERMINÉ,"2253101,2253103",200000022,NON DÉTERMINÉ,CONFIRMÉ PAR LES GAMEDATA; unité NON DÉTERMINÉE
GSSkillTree / Dague / Éviction / EnhanceSkillDamage / Dégâts de Foulée de l'ombre augmentés,Dégâts de Foulée de l'ombre augmentés,2253302,2,3,1,3 WeaponPoint,9,EnhanceSkillDamage,1500,1500,1500,NON DÉTERMINÉ,2253202,200000023,NON DÉTERMINÉ,CONFIRMÉ PAR LES GAMEDATA; unité NON DÉTERMINÉE
GSSkillTree / Arc / Visée concentrée / IncreaseDamageByEquipGs / Dégâts de compétence à l'arc augmentés,Dégâts de compétence à l'arc augmentés 1/3,2254103,0,1,1,3 WeaponPoint,0,IncreaseDamageByEquipGs,3,3,3,NON DÉTERMINÉ,,200000026,NON DÉTERMINÉ,CONFIRMÉ PAR LES GAMEDATA; unité NON DÉTERMINÉE
GSSkillTree / Arc / Visée concentrée / IncreaseDamageByEquipGs / Dégâts de compétence à l'arc augmentés,Dégâts de compétence à l'arc augmentés 2/3,2254103,0,1,2,NON DÉTERMINÉ,0,IncreaseDamageByEquipGs,3,3,3,NON DÉTERMINÉ,,200000026,NON DÉTERMINÉ,CONFIRMÉ PAR LES GAMEDATA; unité NON DÉTERMINÉE; coût NON DÉTERMINÉ
GSSkillTree / Arc / Visée concentrée / IncreaseDamageByEquipGs / Dégâts de compétence à l'arc augmentés,Dégâts de compétence à l'arc augmentés 3/3,2254103,0,1,3,NON DÉTERMINÉ,0,IncreaseDamageByEquipGs,3,3,3,NON DÉTERMINÉ,,200000026,NON DÉTERMINÉ,CONFIRMÉ PAR LES GAMEDATA; unité NON DÉTERMINÉE; coût NON DÉTERMINÉ
GSSkillTree / Arc / Visée concentrée / Taux critique / Taux de coup critique augmenté,Taux de coup critique augmenté 1/3,2254202,1,2,1,2 WeaponPoint,3,CriticalP,25,0.25%,0.25%,0.125,2254103,200000027,NON DÉTERMINÉ,FORTEMENT PROBABLE
GSSkillTree / Arc / Visée concentrée / Taux critique / Taux de coup critique augmenté,Taux de coup critique augmenté 2/3,2254202,1,2,2,NON DÉTERMINÉ,3,CriticalP,25,0.25%,0.25%,NON DÉTERMINÉ,2254103,200000027,NON DÉTERMINÉ,FORTEMENT PROBABLE; coût NON DÉTERMINÉ
GSSkillTree / Arc / Visée concentrée / Taux critique / Taux de coup critique augmenté,Taux de coup critique augmenté 3/3,2254202,1,2,3,NON DÉTERMINÉ,3,CriticalP,25,0.25%,0.25%,NON DÉTERMINÉ,2254103,200000027,NON DÉTERMINÉ,FORTEMENT PROBABLE; coût NON DÉTERMINÉ
GSSkillTree / Arc / Visée concentrée / EnhanceSkillDamage / Tir en reculant,Tir en reculant,2254303,1,3,1,3 WeaponPoint,3,EnhanceSkillDamage,1500,1500,1500,NON DÉTERMINÉ,2254103,200000029,NON DÉTERMINÉ,CONFIRMÉ PAR LES GAMEDATA; unité NON DÉTERMINÉE
GSSkillTree / Arc / Visée concentrée / Dégâts critiques / Dégâts de coup critique augmentés,Dégâts de coup critique augmentés 1/3,2254402,3,4,1,2 WeaponPoint,8,CriDamP,25,0.25%,0.25%,0.125,2254301,200000030,NON DÉTERMINÉ,FORTEMENT PROBABLE
GSSkillTree / Arc / Visée concentrée / Dégâts critiques / Dégâts de coup critique augmentés,Dégâts de coup critique augmentés 2/3,2254402,3,4,2,NON DÉTERMINÉ,8,CriDamP,25,0.25%,0.25%,NON DÉTERMINÉ,2254301,200000030,NON DÉTERMINÉ,FORTEMENT PROBABLE; coût NON DÉTERMINÉ
GSSkillTree / Arc / Visée concentrée / Dégâts critiques / Dégâts de coup critique augmentés,Dégâts de coup critique augmentés 3/3,2254402,3,4,3,NON DÉTERMINÉ,8,CriDamP,25,0.25%,0.25%,NON DÉTERMINÉ,2254301,200000030,NON DÉTERMINÉ,FORTEMENT PROBABLE; coût NON DÉTERMINÉ
GSSkillTree / Arc / Visée concentrée / BaseStatConversionOnSkillDamage / Frappe véloce,Frappe véloce,2254503,4,5,1,3 WeaponPoint,16,BaseStatConversionOnSkillDamage,2,2,2,NON DÉTERMINÉ,"2254402,2254303",200000031,NON DÉTERMINÉ,CONFIRMÉ PAR LES GAMEDATA; unité NON DÉTERMINÉE
GSSkillTree / Arc / Visée sécurisée / IncreaseDamageByEquipGs / Dégâts de compétence à l'arc augmentés,Dégâts de compétence à l'arc augmentés 1/3,2255101,0,1,1,3 WeaponPoint,0,IncreaseDamageByEquipGs,3,3,3,NON DÉTERMINÉ,,200000032,NON DÉTERMINÉ,CONFIRMÉ PAR LES GAMEDATA; unité NON DÉTERMINÉE
GSSkillTree / Arc / Visée sécurisée / IncreaseDamageByEquipGs / Dégâts de compétence à l'arc augmentés,Dégâts de compétence à l'arc augmentés 2/3,2255101,0,1,2,NON DÉTERMINÉ,0,IncreaseDamageByEquipGs,3,3,3,NON DÉTERMINÉ,,200000032,NON DÉTERMINÉ,CONFIRMÉ PAR LES GAMEDATA; unité NON DÉTERMINÉE; coût NON DÉTERMINÉ
GSSkillTree / Arc / Visée sécurisée / IncreaseDamageByEquipGs / Dégâts de compétence à l'arc augmentés,Dégâts de compétence à l'arc augmentés 3/3,2255101,0,1,3,NON DÉTERMINÉ,0,IncreaseDamageByEquipGs,3,3,3,NON DÉTERMINÉ,,200000032,NON DÉTERMINÉ,CONFIRMÉ PAR LES GAMEDATA; unité NON DÉTERMINÉE; coût NON DÉTERMINÉ
GSSkillTree / Arc / Visée sécurisée / Précision / Précision augmentée,Précision augmentée 1/3,2255202,1,2,1,2 WeaponPoint,3,PrecisionP,50,0.5%,0.5%,0.25,2255101,200000033,NON DÉTERMINÉ,FORTEMENT PROBABLE
GSSkillTree / Arc / Visée sécurisée / Précision / Précision augmentée,Précision augmentée 2/3,2255202,1,2,2,NON DÉTERMINÉ,3,PrecisionP,50,0.5%,0.5%,NON DÉTERMINÉ,2255101,200000033,NON DÉTERMINÉ,FORTEMENT PROBABLE; coût NON DÉTERMINÉ
GSSkillTree / Arc / Visée sécurisée / Précision / Précision augmentée,Précision augmentée 3/3,2255202,1,2,3,NON DÉTERMINÉ,3,PrecisionP,50,0.5%,0.5%,NON DÉTERMINÉ,2255101,200000033,NON DÉTERMINÉ,FORTEMENT PROBABLE; coût NON DÉTERMINÉ
GSSkillTree / Arc / Visée sécurisée / Pénétration de défense % / Pénétration de défense augmentée,Pénétration de défense augmentée 1/3,2255402,3,4,1,2 WeaponPoint,8,ArmPenP,25,0.25%,0.25%,0.125,2255303,200000036,NON DÉTERMINÉ,FORTEMENT PROBABLE
GSSkillTree / Arc / Visée sécurisée / Pénétration de défense % / Pénétration de défense augmentée,Pénétration de défense augmentée 2/3,2255402,3,4,2,NON DÉTERMINÉ,8,ArmPenP,25,0.25%,0.25%,NON DÉTERMINÉ,2255303,200000036,NON DÉTERMINÉ,FORTEMENT PROBABLE; coût NON DÉTERMINÉ
GSSkillTree / Arc / Visée sécurisée / Pénétration de défense % / Pénétration de défense augmentée,Pénétration de défense augmentée 3/3,2255402,3,4,3,NON DÉTERMINÉ,8,ArmPenP,25,0.25%,0.25%,NON DÉTERMINÉ,2255303,200000036,NON DÉTERMINÉ,FORTEMENT PROBABLE; coût NON DÉTERMINÉ
GSSkillTree / Arc / Visée sécurisée / Hausse des dégâts / Visée sécurisée,Visée sécurisée,2255501,4,5,1,3 WeaponPoint,16,DamP,550,5.5%,5.5%,1.8333,"2255301,2255402",200000037,NON DÉTERMINÉ,FORTEMENT PROBABLE
GSSkillTree / Arc / Visée sécurisée / DamageByDistance / Visée sécurisée,Visée sécurisée,2255501,4,5,1,3 WeaponPoint,16,DamageByDistance,-1550,-1550,-1550,NON DÉTERMINÉ,"2255301,2255402",200000037,NON DÉTERMINÉ,CONFIRMÉ PAR LES GAMEDATA; unité NON DÉTERMINÉE
GSSkillTree / Arme à feu / Arme à feu - Kata / IncreaseDamageByEquipGs / Dégâts de compétence à l'arme à feu augmentés,Dégâts de compétence à l'arme à feu augmentés 1/3,2356101,0,1,1,3 WeaponPoint,0,IncreaseDamageByEquipGs,4,4,4,NON DÉTERMINÉ,,200000038,NON DÉTERMINÉ,CONFIRMÉ PAR LES GAMEDATA; unité NON DÉTERMINÉE
GSSkillTree / Arme à feu / Arme à feu - Kata / IncreaseDamageByEquipGs / Dégâts de compétence à l'arme à feu augmentés,Dégâts de compétence à l'arme à feu augmentés 2/3,2356101,0,1,2,NON DÉTERMINÉ,0,IncreaseDamageByEquipGs,4,4,4,NON DÉTERMINÉ,,200000038,NON DÉTERMINÉ,CONFIRMÉ PAR LES GAMEDATA; unité NON DÉTERMINÉE; coût NON DÉTERMINÉ
GSSkillTree / Arme à feu / Arme à feu - Kata / IncreaseDamageByEquipGs / Dégâts de compétence à l'arme à feu augmentés,Dégâts de compétence à l'arme à feu augmentés 3/3,2356101,0,1,3,NON DÉTERMINÉ,0,IncreaseDamageByEquipGs,4,4,4,NON DÉTERMINÉ,,200000038,NON DÉTERMINÉ,CONFIRMÉ PAR LES GAMEDATA; unité NON DÉTERMINÉE; coût NON DÉTERMINÉ
GSSkillTree / Arme à feu / Visée patiente / IncreaseDamageByEquipGs / Dégâts de compétence à l'arme à feu augmentés,Dégâts de compétence à l'arme à feu augmentés 1/3,2357102,0,1,1,3 WeaponPoint,0,IncreaseDamageByEquipGs,4,4,4,NON DÉTERMINÉ,,200000045,NON DÉTERMINÉ,CONFIRMÉ PAR LES GAMEDATA; unité NON DÉTERMINÉE
GSSkillTree / Arme à feu / Visée patiente / IncreaseDamageByEquipGs / Dégâts de compétence à l'arme à feu augmentés,Dégâts de compétence à l'arme à feu augmentés 2/3,2357102,0,1,2,NON DÉTERMINÉ,0,IncreaseDamageByEquipGs,4,4,4,NON DÉTERMINÉ,,200000045,NON DÉTERMINÉ,CONFIRMÉ PAR LES GAMEDATA; unité NON DÉTERMINÉE; coût NON DÉTERMINÉ
GSSkillTree / Arme à feu / Visée patiente / IncreaseDamageByEquipGs / Dégâts de compétence à l'arme à feu augmentés,Dégâts de compétence à l'arme à feu augmentés 3/3,2357102,0,1,3,NON DÉTERMINÉ,0,IncreaseDamageByEquipGs,4,4,4,NON DÉTERMINÉ,,200000045,NON DÉTERMINÉ,CONFIRMÉ PAR LES GAMEDATA; unité NON DÉTERMINÉE; coût NON DÉTERMINÉ
GSSkillTree / Arme à feu / Visée patiente / Pénétration de défense % / Pénétration de défense augmentée,Pénétration de défense augmentée 1/3,2357202,1,2,1,2 WeaponPoint,3,ArmPenP,25,0.25%,0.25%,0.125,2357102,200000046,"A. RENDEMENT CONSTANT, GAIN ET COÛT FIXES",FORTEMENT PROBABLE
GSSkillTree / Arme à feu / Visée patiente / Pénétration de défense % / Pénétration de défense augmentée,Pénétration de défense augmentée 2/3,2357202,1,2,2,NON DÉTERMINÉ,3,ArmPenP,25,0.25%,0.25%,NON DÉTERMINÉ,2357102,200000046,"A. RENDEMENT CONSTANT, GAIN ET COÛT FIXES",FORTEMENT PROBABLE; coût NON DÉTERMINÉ
GSSkillTree / Arme à feu / Visée patiente / Pénétration de défense % / Pénétration de défense augmentée,Pénétration de défense augmentée 3/3,2357202,1,2,3,NON DÉTERMINÉ,3,ArmPenP,25,0.25%,0.25%,NON DÉTERMINÉ,2357102,200000046,"A. RENDEMENT CONSTANT, GAIN ET COÛT FIXES",FORTEMENT PROBABLE; coût NON DÉTERMINÉ
GSSkillTree / Arme à feu / Visée patiente / Pénétration de défense % / Pénétration de défense augmentée,Pénétration de défense augmentée 1/3,2357402,3,4,1,2 WeaponPoint,8,ArmPenP,25,0.25%,0.25%,0.125,2357302,200000048,"A. RENDEMENT CONSTANT, GAIN ET COÛT FIXES",FORTEMENT PROBABLE
GSSkillTree / Arme à feu / Visée patiente / Pénétration de défense % / Pénétration de défense augmentée,Pénétration de défense augmentée 2/3,2357402,3,4,2,NON DÉTERMINÉ,8,ArmPenP,25,0.25%,0.25%,NON DÉTERMINÉ,2357302,200000048,"A. RENDEMENT CONSTANT, GAIN ET COÛT FIXES",FORTEMENT PROBABLE; coût NON DÉTERMINÉ
GSSkillTree / Arme à feu / Visée patiente / Pénétration de défense % / Pénétration de défense augmentée,Pénétration de défense augmentée 3/3,2357402,3,4,3,NON DÉTERMINÉ,8,ArmPenP,25,0.25%,0.25%,NON DÉTERMINÉ,2357302,200000048,"A. RENDEMENT CONSTANT, GAIN ET COÛT FIXES",FORTEMENT PROBABLE; coût NON DÉTERMINÉ
GSSkillTree / Focalisateur / Recherche de PM / IncreaseDamageByEquipGs / Dégâts de compétence de Concentration augmentés,Dégâts de compétence de Concentration augmentés 1/3,2358102,0,1,1,3 WeaponPoint,0,IncreaseDamageByEquipGs,7,7,7,NON DÉTERMINÉ,,200000050,NON DÉTERMINÉ,CONFIRMÉ PAR LES GAMEDATA; unité NON DÉTERMINÉE
GSSkillTree / Focalisateur / Recherche de PM / IncreaseDamageByEquipGs / Dégâts de compétence de Concentration augmentés,Dégâts de compétence de Concentration augmentés 2/3,2358102,0,1,2,NON DÉTERMINÉ,0,IncreaseDamageByEquipGs,7,7,7,NON DÉTERMINÉ,,200000050,NON DÉTERMINÉ,CONFIRMÉ PAR LES GAMEDATA; unité NON DÉTERMINÉE; coût NON DÉTERMINÉ
GSSkillTree / Focalisateur / Recherche de PM / IncreaseDamageByEquipGs / Dégâts de compétence de Concentration augmentés,Dégâts de compétence de Concentration augmentés 3/3,2358102,0,1,3,NON DÉTERMINÉ,0,IncreaseDamageByEquipGs,7,7,7,NON DÉTERMINÉ,,200000050,NON DÉTERMINÉ,CONFIRMÉ PAR LES GAMEDATA; unité NON DÉTERMINÉE; coût NON DÉTERMINÉ
GSSkillTree / Focalisateur / Recherche de PM / WeaknessElementDamage / Détection de faiblesse,Détection de faiblesse,2358202,1,2,1,3 WeaponPoint,3,WeaknessElementDamage,150,150,150,NON DÉTERMINÉ,2358102,200000051,NON DÉTERMINÉ,CONFIRMÉ PAR LES GAMEDATA; unité NON DÉTERMINÉE
GSSkillTree / Focalisateur / Recherche de PM / ElementCumulativeDam / Amélioration d'accablement,Amélioration d'accablement 1/3,2358301,2,3,1,3 WeaponPoint,6,ElementCumulativeDam,1,1,1,NON DÉTERMINÉ,2358202,200000052,NON DÉTERMINÉ,CONFIRMÉ PAR LES GAMEDATA; unité NON DÉTERMINÉE
GSSkillTree / Focalisateur / Recherche de PM / ElementCumulativeDam / Amélioration d'accablement,Amélioration d'accablement 2/3,2358301,2,3,2,NON DÉTERMINÉ,6,ElementCumulativeDam,1,1,1,NON DÉTERMINÉ,2358202,200000052,NON DÉTERMINÉ,CONFIRMÉ PAR LES GAMEDATA; unité NON DÉTERMINÉE; coût NON DÉTERMINÉ
GSSkillTree / Focalisateur / Recherche de PM / ElementCumulativeDam / Amélioration d'accablement,Amélioration d'accablement 3/3,2358301,2,3,3,NON DÉTERMINÉ,6,ElementCumulativeDam,1,1,1,NON DÉTERMINÉ,2358202,200000052,NON DÉTERMINÉ,CONFIRMÉ PAR LES GAMEDATA; unité NON DÉTERMINÉE; coût NON DÉTERMINÉ
GSSkillTree / Focalisateur / Recherche de PM / ElementCumulativeDam / Amélioration de chaos,Amélioration de chaos 1/3,2358303,2,3,1,3 WeaponPoint,6,ElementCumulativeDam,1,1,1,NON DÉTERMINÉ,2358202,200000053,NON DÉTERMINÉ,CONFIRMÉ PAR LES GAMEDATA; unité NON DÉTERMINÉE
GSSkillTree / Focalisateur / Recherche de PM / ElementCumulativeDam / Amélioration de chaos,Amélioration de chaos 2/3,2358303,2,3,2,NON DÉTERMINÉ,6,ElementCumulativeDam,1,1,1,NON DÉTERMINÉ,2358202,200000053,NON DÉTERMINÉ,CONFIRMÉ PAR LES GAMEDATA; unité NON DÉTERMINÉE; coût NON DÉTERMINÉ
GSSkillTree / Focalisateur / Recherche de PM / ElementCumulativeDam / Amélioration de chaos,Amélioration de chaos 3/3,2358303,2,3,3,NON DÉTERMINÉ,6,ElementCumulativeDam,1,1,1,NON DÉTERMINÉ,2358202,200000053,NON DÉTERMINÉ,CONFIRMÉ PAR LES GAMEDATA; unité NON DÉTERMINÉE; coût NON DÉTERMINÉ
GSSkillTree / Focalisateur / Recherche de PM / EnhanceElementValue / Recherche d'élément,Recherche d'élément,2358501,3,4,1,3 WeaponPoint,9,EnhanceElementValue,150,150,150,NON DÉTERMINÉ,2358301,200000054,NON DÉTERMINÉ,CONFIRMÉ PAR LES GAMEDATA; unité NON DÉTERMINÉE
GSSkillTree / Focalisateur / Recherche de PM / BaseStatConversionOnSkillDamage / Onde de mana,Onde de mana,2358503,3,4,1,3 WeaponPoint,9,BaseStatConversionOnSkillDamage,2,2,2,NON DÉTERMINÉ,2358303,200000055,NON DÉTERMINÉ,CONFIRMÉ PAR LES GAMEDATA; unité NON DÉTERMINÉE
GSSkillTree / Focalisateur / Énergie de mana fluide / IncreaseDamageByEquipGs / Dégâts de compétence de Concentration augmentés,Dégâts de compétence de Concentration augmentés 1/3,2359101,0,1,1,3 WeaponPoint,0,IncreaseDamageByEquipGs,7,7,7,NON DÉTERMINÉ,,200000056,NON DÉTERMINÉ,CONFIRMÉ PAR LES GAMEDATA; unité NON DÉTERMINÉE
GSSkillTree / Focalisateur / Énergie de mana fluide / IncreaseDamageByEquipGs / Dégâts de compétence de Concentration augmentés,Dégâts de compétence de Concentration augmentés 2/3,2359101,0,1,2,NON DÉTERMINÉ,0,IncreaseDamageByEquipGs,7,7,7,NON DÉTERMINÉ,,200000056,NON DÉTERMINÉ,CONFIRMÉ PAR LES GAMEDATA; unité NON DÉTERMINÉE; coût NON DÉTERMINÉ
GSSkillTree / Focalisateur / Énergie de mana fluide / IncreaseDamageByEquipGs / Dégâts de compétence de Concentration augmentés,Dégâts de compétence de Concentration augmentés 3/3,2359101,0,1,3,NON DÉTERMINÉ,0,IncreaseDamageByEquipGs,7,7,7,NON DÉTERMINÉ,,200000056,NON DÉTERMINÉ,CONFIRMÉ PAR LES GAMEDATA; unité NON DÉTERMINÉE; coût NON DÉTERMINÉ
GSSkillTree / Focalisateur / Énergie de mana fluide / IncreaseDamageByEquipGs / Dégâts de compétence de Concentration augmentés,Dégâts de compétence de Concentration augmentés 1/3,2359103,0,1,1,3 WeaponPoint,0,IncreaseDamageByEquipGs,7,7,7,NON DÉTERMINÉ,,200000057,NON DÉTERMINÉ,CONFIRMÉ PAR LES GAMEDATA; unité NON DÉTERMINÉE
GSSkillTree / Focalisateur / Énergie de mana fluide / IncreaseDamageByEquipGs / Dégâts de compétence de Concentration augmentés,Dégâts de compétence de Concentration augmentés 2/3,2359103,0,1,2,NON DÉTERMINÉ,0,IncreaseDamageByEquipGs,7,7,7,NON DÉTERMINÉ,,200000057,NON DÉTERMINÉ,CONFIRMÉ PAR LES GAMEDATA; unité NON DÉTERMINÉE; coût NON DÉTERMINÉ
GSSkillTree / Focalisateur / Énergie de mana fluide / IncreaseDamageByEquipGs / Dégâts de compétence de Concentration augmentés,Dégâts de compétence de Concentration augmentés 3/3,2359103,0,1,3,NON DÉTERMINÉ,0,IncreaseDamageByEquipGs,7,7,7,NON DÉTERMINÉ,,200000057,NON DÉTERMINÉ,CONFIRMÉ PAR LES GAMEDATA; unité NON DÉTERMINÉE; coût NON DÉTERMINÉ
GSSkillTree / Focalisateur / Énergie de mana fluide / MPCostReduP / Amélioration de mana,Amélioration de mana,2359202,1,2,1,3 WeaponPoint,6,MPCostReduP,-2000,-2000,-2000,NON DÉTERMINÉ,"2359101,2359103",200000058,NON DÉTERMINÉ,CONFIRMÉ PAR LES GAMEDATA; unité NON DÉTERMINÉE
GSSkillTree / Focalisateur / Énergie de mana fluide / IncreaseDamageByEquipGs / Amélioration de mana,Amélioration de mana,2359202,1,2,1,3 WeaponPoint,6,IncreaseDamageByEquipGs,7,7,7,NON DÉTERMINÉ,"2359101,2359103",200000058,NON DÉTERMINÉ,CONFIRMÉ PAR LES GAMEDATA; unité NON DÉTERMINÉE
GSSkillTree / Focalisateur / Énergie de mana fluide / PM max / Augmente les PM max,Augmente les PM max 1/3,2359402,2,3,1,2 WeaponPoint,9,AddMMP,66,0.66%,0.66%,0.33,2359202,200000059,NON DÉTERMINÉ,FORTEMENT PROBABLE
GSSkillTree / Focalisateur / Énergie de mana fluide / PM max / Augmente les PM max,Augmente les PM max 2/3,2359402,2,3,2,NON DÉTERMINÉ,9,AddMMP,66,0.66%,0.66%,NON DÉTERMINÉ,2359202,200000059,NON DÉTERMINÉ,FORTEMENT PROBABLE; coût NON DÉTERMINÉ
GSSkillTree / Focalisateur / Énergie de mana fluide / PM max / Augmente les PM max,Augmente les PM max 3/3,2359402,2,3,3,NON DÉTERMINÉ,9,AddMMP,66,0.66%,0.66%,NON DÉTERMINÉ,2359202,200000059,NON DÉTERMINÉ,FORTEMENT PROBABLE; coût NON DÉTERMINÉ
GSSkillTree / Arme d'hast / Fer-de-lance dévié / IncreaseDamageByEquipGs / Dégâts de compétence à l'arme d'hast augmentés,Dégâts de compétence à l'arme d'hast augmentés 1/3,2460102,0,1,1,3 WeaponPoint,0,IncreaseDamageByEquipGs,5,5,5,NON DÉTERMINÉ,,200000062,NON DÉTERMINÉ,CONFIRMÉ PAR LES GAMEDATA; unité NON DÉTERMINÉE
GSSkillTree / Arme d'hast / Fer-de-lance dévié / IncreaseDamageByEquipGs / Dégâts de compétence à l'arme d'hast augmentés,Dégâts de compétence à l'arme d'hast augmentés 2/3,2460102,0,1,2,NON DÉTERMINÉ,0,IncreaseDamageByEquipGs,5,5,5,NON DÉTERMINÉ,,200000062,NON DÉTERMINÉ,CONFIRMÉ PAR LES GAMEDATA; unité NON DÉTERMINÉE; coût NON DÉTERMINÉ
GSSkillTree / Arme d'hast / Fer-de-lance dévié / IncreaseDamageByEquipGs / Dégâts de compétence à l'arme d'hast augmentés,Dégâts de compétence à l'arme d'hast augmentés 3/3,2460102,0,1,3,NON DÉTERMINÉ,0,IncreaseDamageByEquipGs,5,5,5,NON DÉTERMINÉ,,200000062,NON DÉTERMINÉ,CONFIRMÉ PAR LES GAMEDATA; unité NON DÉTERMINÉE; coût NON DÉTERMINÉ
GSSkillTree / Arme d'hast / Fer-de-lance dévié / BreakModifier / Smash,Smash 1/3,2460202,1,2,1,2 WeaponPoint,3,BreakModifier,200,200,200,NON DÉTERMINÉ,2460102,200000063,NON DÉTERMINÉ,CONFIRMÉ PAR LES GAMEDATA; unité NON DÉTERMINÉE
GSSkillTree / Arme d'hast / Fer-de-lance dévié / BreakModifier / Smash,Smash 2/3,2460202,1,2,2,NON DÉTERMINÉ,3,BreakModifier,200,200,200,NON DÉTERMINÉ,2460102,200000063,NON DÉTERMINÉ,CONFIRMÉ PAR LES GAMEDATA; unité NON DÉTERMINÉE; coût NON DÉTERMINÉ
GSSkillTree / Arme d'hast / Fer-de-lance dévié / BreakModifier / Smash,Smash 3/3,2460202,1,2,3,NON DÉTERMINÉ,3,BreakModifier,200,200,200,NON DÉTERMINÉ,2460102,200000063,NON DÉTERMINÉ,CONFIRMÉ PAR LES GAMEDATA; unité NON DÉTERMINÉE; coût NON DÉTERMINÉ
GSSkillTree / Arme d'hast / Fer-de-lance dévié / Hausse des dégâts conditionnelle / Attaque pulvérisante,Attaque pulvérisante,2460403,3,4,1,3 WeaponPoint,8,IncreaseDamageByTargetSpecialState,300,3%,3%,1,2460302,200000065,NON DÉTERMINÉ,FORTEMENT PROBABLE
GSSkillTree / Arme d'hast / Fer-de-lance dévié / Hausse des dégâts conditionnelle / Attaque pulvérisante,Attaque pulvérisante,2460403,3,4,1,3 WeaponPoint,8,IncreaseDamageByTargetSpecialState,300,3%,3%,1,2460302,200000065,NON DÉTERMINÉ,FORTEMENT PROBABLE
GSSkillTree / Arme d'hast / Frappe brutale / IncreaseDamageByEquipGs / Dégâts de compétence à l'arme d'hast augmentés,Dégâts de compétence à l'arme d'hast augmentés 1/3,2461102,0,1,1,3 WeaponPoint,0,IncreaseDamageByEquipGs,5,5,5,NON DÉTERMINÉ,,200000068,NON DÉTERMINÉ,CONFIRMÉ PAR LES GAMEDATA; unité NON DÉTERMINÉE
GSSkillTree / Arme d'hast / Frappe brutale / IncreaseDamageByEquipGs / Dégâts de compétence à l'arme d'hast augmentés,Dégâts de compétence à l'arme d'hast augmentés 2/3,2461102,0,1,2,NON DÉTERMINÉ,0,IncreaseDamageByEquipGs,5,5,5,NON DÉTERMINÉ,,200000068,NON DÉTERMINÉ,CONFIRMÉ PAR LES GAMEDATA; unité NON DÉTERMINÉE; coût NON DÉTERMINÉ
GSSkillTree / Arme d'hast / Frappe brutale / IncreaseDamageByEquipGs / Dégâts de compétence à l'arme d'hast augmentés,Dégâts de compétence à l'arme d'hast augmentés 3/3,2461102,0,1,3,NON DÉTERMINÉ,0,IncreaseDamageByEquipGs,5,5,5,NON DÉTERMINÉ,,200000068,NON DÉTERMINÉ,CONFIRMÉ PAR LES GAMEDATA; unité NON DÉTERMINÉE; coût NON DÉTERMINÉ
GSSkillTree / Arme d'hast / Frappe brutale / Réduction des dégâts / Physique endurant,Physique endurant 1/3,2461401,2,3,1,3 WeaponPoint,6,DamReduP,50,0.5%,0.5%,0.1667,2461302,200000070,NON DÉTERMINÉ,FORTEMENT PROBABLE
GSSkillTree / Arme d'hast / Frappe brutale / Réduction des dégâts / Physique endurant,Physique endurant 2/3,2461401,2,3,2,NON DÉTERMINÉ,6,DamReduP,50,0.5%,0.5%,NON DÉTERMINÉ,2461302,200000070,NON DÉTERMINÉ,FORTEMENT PROBABLE; coût NON DÉTERMINÉ
GSSkillTree / Arme d'hast / Frappe brutale / Réduction des dégâts / Physique endurant,Physique endurant 3/3,2461401,2,3,3,NON DÉTERMINÉ,6,DamReduP,50,0.5%,0.5%,NON DÉTERMINÉ,2461302,200000070,NON DÉTERMINÉ,FORTEMENT PROBABLE; coût NON DÉTERMINÉ
GSSkillTree / Arme d'hast / Frappe brutale / PV / Amélioration des PV,Amélioration des PV 1/3,2461403,2,3,1,2 WeaponPoint,6,IncreaseMHP,100,1%,1%,0.5,2461302,200000071,NON DÉTERMINÉ,FORTEMENT PROBABLE
GSSkillTree / Arme d'hast / Frappe brutale / PV / Amélioration des PV,Amélioration des PV 2/3,2461403,2,3,2,NON DÉTERMINÉ,6,IncreaseMHP,100,1%,1%,NON DÉTERMINÉ,2461302,200000071,NON DÉTERMINÉ,FORTEMENT PROBABLE; coût NON DÉTERMINÉ
GSSkillTree / Arme d'hast / Frappe brutale / PV / Amélioration des PV,Amélioration des PV 3/3,2461403,2,3,3,NON DÉTERMINÉ,6,IncreaseMHP,100,1%,1%,NON DÉTERMINÉ,2461302,200000071,NON DÉTERMINÉ,FORTEMENT PROBABLE; coût NON DÉTERMINÉ
GSSkillTree / Arme à deux mains / Ruée de berserker / IncreaseDamageByEquipGs / Dégâts de compétence d'arme à deux mains augmentés,Dégâts de compétence d'arme à deux mains augmentés 1/3,2462102,0,1,1,3 WeaponPoint,0,IncreaseDamageByEquipGs,8,8,8,NON DÉTERMINÉ,,200000074,NON DÉTERMINÉ,CONFIRMÉ PAR LES GAMEDATA; unité NON DÉTERMINÉE
GSSkillTree / Arme à deux mains / Ruée de berserker / IncreaseDamageByEquipGs / Dégâts de compétence d'arme à deux mains augmentés,Dégâts de compétence d'arme à deux mains augmentés 2/3,2462102,0,1,2,NON DÉTERMINÉ,0,IncreaseDamageByEquipGs,8,8,8,NON DÉTERMINÉ,,200000074,NON DÉTERMINÉ,CONFIRMÉ PAR LES GAMEDATA; unité NON DÉTERMINÉE; coût NON DÉTERMINÉ
GSSkillTree / Arme à deux mains / Ruée de berserker / IncreaseDamageByEquipGs / Dégâts de compétence d'arme à deux mains augmentés,Dégâts de compétence d'arme à deux mains augmentés 3/3,2462102,0,1,3,NON DÉTERMINÉ,0,IncreaseDamageByEquipGs,8,8,8,NON DÉTERMINÉ,,200000074,NON DÉTERMINÉ,CONFIRMÉ PAR LES GAMEDATA; unité NON DÉTERMINÉE; coût NON DÉTERMINÉ
GSSkillTree / Arme à deux mains / Ruée de berserker / Dégâts critiques / Dégâts de coup critique augmentés,Dégâts de coup critique augmentés 1/3,2462202,1,2,1,2 WeaponPoint,3,CriDamP,25,0.25%,0.25%,0.125,2462102,200000075,NON DÉTERMINÉ,FORTEMENT PROBABLE
GSSkillTree / Arme à deux mains / Ruée de berserker / Dégâts critiques / Dégâts de coup critique augmentés,Dégâts de coup critique augmentés 2/3,2462202,1,2,2,NON DÉTERMINÉ,3,CriDamP,25,0.25%,0.25%,NON DÉTERMINÉ,2462102,200000075,NON DÉTERMINÉ,FORTEMENT PROBABLE; coût NON DÉTERMINÉ
GSSkillTree / Arme à deux mains / Ruée de berserker / Dégâts critiques / Dégâts de coup critique augmentés,Dégâts de coup critique augmentés 3/3,2462202,1,2,3,NON DÉTERMINÉ,3,CriDamP,25,0.25%,0.25%,NON DÉTERMINÉ,2462102,200000075,NON DÉTERMINÉ,FORTEMENT PROBABLE; coût NON DÉTERMINÉ
GSSkillTree / Arme à deux mains / Ruée de berserker / IncreaseDamageByEquipGs / Porte de la mort,Porte de la mort,2462403,2,4,1,3 WeaponPoint,5,IncreaseDamageByEquipGs,8,8,8,NON DÉTERMINÉ,2462202,200000077,NON DÉTERMINÉ,CONFIRMÉ PAR LES GAMEDATA; unité NON DÉTERMINÉE
GSSkillTree / Arme à deux mains / Ruée de berserker / ShieldModifier / Porte de la mort,Porte de la mort,2462403,2,4,1,3 WeaponPoint,5,ShieldModifier,-2000,-2000,-2000,NON DÉTERMINÉ,2462202,200000077,NON DÉTERMINÉ,CONFIRMÉ PAR LES GAMEDATA; unité NON DÉTERMINÉE
GSSkillTree / Arme à deux mains / Ruée de berserker / Réduction des dégâts / Posture offensive,Posture offensive,2462501,3,5,1,3 WeaponPoint,8,DamReduP,-250,-2.5%,-2.5%,-0.8333,2462301,200000078,NON DÉTERMINÉ,FORTEMENT PROBABLE
GSSkillTree / Arme à deux mains / Ruée de berserker / Hausse des dégâts / Posture offensive,Posture offensive,2462501,3,5,1,3 WeaponPoint,8,DamP,400,4%,4%,1.3333,2462301,200000078,NON DÉTERMINÉ,FORTEMENT PROBABLE
GSSkillTree / Arme à deux mains / Ruée de berserker / IncreaseDamageByEquipGs / Frappe sanglante,Frappe sanglante,2462503,3,5,1,3 WeaponPoint,8,IncreaseDamageByEquipGs,8,8,8,NON DÉTERMINÉ,2462403,200000079,NON DÉTERMINÉ,CONFIRMÉ PAR LES GAMEDATA; unité NON DÉTERMINÉE
GSSkillTree / Arme à deux mains / Contre-offensive et restauration / IncreaseDamageByEquipGs / Dégâts de compétence d'arme à deux mains augmentés,Dégâts de compétence d'arme à deux mains augmentés 1/3,2463102,0,1,1,3 WeaponPoint,0,IncreaseDamageByEquipGs,8,8,8,NON DÉTERMINÉ,,200000080,NON DÉTERMINÉ,CONFIRMÉ PAR LES GAMEDATA; unité NON DÉTERMINÉE
GSSkillTree / Arme à deux mains / Contre-offensive et restauration / IncreaseDamageByEquipGs / Dégâts de compétence d'arme à deux mains augmentés,Dégâts de compétence d'arme à deux mains augmentés 2/3,2463102,0,1,2,NON DÉTERMINÉ,0,IncreaseDamageByEquipGs,8,8,8,NON DÉTERMINÉ,,200000080,NON DÉTERMINÉ,CONFIRMÉ PAR LES GAMEDATA; unité NON DÉTERMINÉE; coût NON DÉTERMINÉ
GSSkillTree / Arme à deux mains / Contre-offensive et restauration / IncreaseDamageByEquipGs / Dégâts de compétence d'arme à deux mains augmentés,Dégâts de compétence d'arme à deux mains augmentés 3/3,2463102,0,1,3,NON DÉTERMINÉ,0,IncreaseDamageByEquipGs,8,8,8,NON DÉTERMINÉ,,200000080,NON DÉTERMINÉ,CONFIRMÉ PAR LES GAMEDATA; unité NON DÉTERMINÉE; coût NON DÉTERMINÉ
GSSkillTree / Arme à deux mains / Contre-offensive et restauration / Précision / Précision augmentée,Précision augmentée 1/3,2463202,1,2,1,2 WeaponPoint,3,PrecisionP,50,0.5%,0.5%,0.25,2463102,200000081,NON DÉTERMINÉ,FORTEMENT PROBABLE
GSSkillTree / Arme à deux mains / Contre-offensive et restauration / Précision / Précision augmentée,Précision augmentée 2/3,2463202,1,2,2,NON DÉTERMINÉ,3,PrecisionP,50,0.5%,0.5%,NON DÉTERMINÉ,2463102,200000081,NON DÉTERMINÉ,FORTEMENT PROBABLE; coût NON DÉTERMINÉ
GSSkillTree / Arme à deux mains / Contre-offensive et restauration / Précision / Précision augmentée,Précision augmentée 3/3,2463202,1,2,3,NON DÉTERMINÉ,3,PrecisionP,50,0.5%,0.5%,NON DÉTERMINÉ,2463102,200000081,NON DÉTERMINÉ,FORTEMENT PROBABLE; coût NON DÉTERMINÉ
GSSkillTree / Arme à deux mains / Contre-offensive et restauration / Attaque / Attaque augmentée,Attaque augmentée 1/3,2463302,2,3,1,2 WeaponPoint,5,AttFR,50,0.5%,0.5%,0.25,2463202,200000082,NON DÉTERMINÉ,FORTEMENT PROBABLE
GSSkillTree / Arme à deux mains / Contre-offensive et restauration / Attaque / Attaque augmentée,Attaque augmentée 2/3,2463302,2,3,2,NON DÉTERMINÉ,5,AttFR,50,0.5%,0.5%,NON DÉTERMINÉ,2463202,200000082,NON DÉTERMINÉ,FORTEMENT PROBABLE; coût NON DÉTERMINÉ
GSSkillTree / Arme à deux mains / Contre-offensive et restauration / Attaque / Attaque augmentée,Attaque augmentée 3/3,2463302,2,3,3,NON DÉTERMINÉ,5,AttFR,50,0.5%,0.5%,NON DÉTERMINÉ,2463202,200000082,NON DÉTERMINÉ,FORTEMENT PROBABLE; coût NON DÉTERMINÉ
LordSkillTree / Physique / Amélioration corporelle I / Attaque / Attaque augmentée,Attaque augmentée 1/3,31100102,0,1,1,1 SpecialPoint,0,AttFR,100,1%,1%,1,,200000086,"A. RENDEMENT CONSTANT, GAIN ET COÛT FIXES",FORTEMENT PROBABLE
LordSkillTree / Physique / Amélioration corporelle I / Attaque / Attaque augmentée,Attaque augmentée 2/3,31100102,0,1,2,NON DÉTERMINÉ,0,AttFR,100,1%,1%,NON DÉTERMINÉ,,200000086,"A. RENDEMENT CONSTANT, GAIN ET COÛT FIXES",FORTEMENT PROBABLE; coût NON DÉTERMINÉ
LordSkillTree / Physique / Amélioration corporelle I / Attaque / Attaque augmentée,Attaque augmentée 3/3,31100102,0,1,3,NON DÉTERMINÉ,0,AttFR,100,1%,1%,NON DÉTERMINÉ,,200000086,"A. RENDEMENT CONSTANT, GAIN ET COÛT FIXES",FORTEMENT PROBABLE; coût NON DÉTERMINÉ
LordSkillTree / Physique / Amélioration corporelle I / Défense / Défense augmentée,Défense augmentée 1/3,31100201,1,2,1,1 SpecialPoint,1,ArmFR,100,1%,1%,1,31100102,200000087,"A. RENDEMENT CONSTANT, GAIN ET COÛT FIXES",FORTEMENT PROBABLE
LordSkillTree / Physique / Amélioration corporelle I / Défense / Défense augmentée,Défense augmentée 2/3,31100201,1,2,2,NON DÉTERMINÉ,1,ArmFR,100,1%,1%,NON DÉTERMINÉ,31100102,200000087,"A. RENDEMENT CONSTANT, GAIN ET COÛT FIXES",FORTEMENT PROBABLE; coût NON DÉTERMINÉ
LordSkillTree / Physique / Amélioration corporelle I / Défense / Défense augmentée,Défense augmentée 3/3,31100201,1,2,3,NON DÉTERMINÉ,1,ArmFR,100,1%,1%,NON DÉTERMINÉ,31100102,200000087,"A. RENDEMENT CONSTANT, GAIN ET COÛT FIXES",FORTEMENT PROBABLE; coût NON DÉTERMINÉ
LordSkillTree / Physique / Amélioration corporelle I / PV / PV augmentés,PV augmentés 1/3,31100203,1,2,1,1 SpecialPoint,1,IncreaseMHP,100,1%,1%,1,31100102,200000088,"A. RENDEMENT CONSTANT, GAIN ET COÛT FIXES",FORTEMENT PROBABLE
LordSkillTree / Physique / Amélioration corporelle I / PV / PV augmentés,PV augmentés 2/3,31100203,1,2,2,NON DÉTERMINÉ,1,IncreaseMHP,100,1%,1%,NON DÉTERMINÉ,31100102,200000088,"A. RENDEMENT CONSTANT, GAIN ET COÛT FIXES",FORTEMENT PROBABLE; coût NON DÉTERMINÉ
LordSkillTree / Physique / Amélioration corporelle I / PV / PV augmentés,PV augmentés 3/3,31100203,1,2,3,NON DÉTERMINÉ,1,IncreaseMHP,100,1%,1%,NON DÉTERMINÉ,31100102,200000088,"A. RENDEMENT CONSTANT, GAIN ET COÛT FIXES",FORTEMENT PROBABLE; coût NON DÉTERMINÉ
LordSkillTree / Physique / Amélioration corporelle I / Attaque / Attaque augmentée,Attaque augmentée 1/3,31100302,2,3,1,1 SpecialPoint,4,AttFR,100,1%,1%,1,"31100201,31100203",200000089,"A. RENDEMENT CONSTANT, GAIN ET COÛT FIXES",FORTEMENT PROBABLE
LordSkillTree / Physique / Amélioration corporelle I / Attaque / Attaque augmentée,Attaque augmentée 2/3,31100302,2,3,2,NON DÉTERMINÉ,4,AttFR,100,1%,1%,NON DÉTERMINÉ,"31100201,31100203",200000089,"A. RENDEMENT CONSTANT, GAIN ET COÛT FIXES",FORTEMENT PROBABLE; coût NON DÉTERMINÉ
LordSkillTree / Physique / Amélioration corporelle I / Attaque / Attaque augmentée,Attaque augmentée 3/3,31100302,2,3,3,NON DÉTERMINÉ,4,AttFR,100,1%,1%,NON DÉTERMINÉ,"31100201,31100203",200000089,"A. RENDEMENT CONSTANT, GAIN ET COÛT FIXES",FORTEMENT PROBABLE; coût NON DÉTERMINÉ
LordSkillTree / Physique / Amélioration corporelle I / Défense / Défense augmentée,Défense augmentée 1/3,31100401,3,4,1,1 SpecialPoint,5,ArmFR,100,1%,1%,1,31100302,200000090,"A. RENDEMENT CONSTANT, GAIN ET COÛT FIXES",FORTEMENT PROBABLE
LordSkillTree / Physique / Amélioration corporelle I / Défense / Défense augmentée,Défense augmentée 2/3,31100401,3,4,2,NON DÉTERMINÉ,5,ArmFR,100,1%,1%,NON DÉTERMINÉ,31100302,200000090,"A. RENDEMENT CONSTANT, GAIN ET COÛT FIXES",FORTEMENT PROBABLE; coût NON DÉTERMINÉ
LordSkillTree / Physique / Amélioration corporelle I / Défense / Défense augmentée,Défense augmentée 3/3,31100401,3,4,3,NON DÉTERMINÉ,5,ArmFR,100,1%,1%,NON DÉTERMINÉ,31100302,200000090,"A. RENDEMENT CONSTANT, GAIN ET COÛT FIXES",FORTEMENT PROBABLE; coût NON DÉTERMINÉ
LordSkillTree / Physique / Amélioration corporelle I / PV / PV augmentés,PV augmentés 1/3,31100403,3,4,1,1 SpecialPoint,5,IncreaseMHP,100,1%,1%,1,31100302,200000091,"A. RENDEMENT CONSTANT, GAIN ET COÛT FIXES",FORTEMENT PROBABLE
LordSkillTree / Physique / Amélioration corporelle I / PV / PV augmentés,PV augmentés 2/3,31100403,3,4,2,NON DÉTERMINÉ,5,IncreaseMHP,100,1%,1%,NON DÉTERMINÉ,31100302,200000091,"A. RENDEMENT CONSTANT, GAIN ET COÛT FIXES",FORTEMENT PROBABLE; coût NON DÉTERMINÉ
LordSkillTree / Physique / Amélioration corporelle I / PV / PV augmentés,PV augmentés 3/3,31100403,3,4,3,NON DÉTERMINÉ,5,IncreaseMHP,100,1%,1%,NON DÉTERMINÉ,31100302,200000091,"A. RENDEMENT CONSTANT, GAIN ET COÛT FIXES",FORTEMENT PROBABLE; coût NON DÉTERMINÉ
LordSkillTree / Physique / Amélioration corporelle I / Attaque / Attaque augmentée,Attaque augmentée 1/3,31100502,4,5,1,1 SpecialPoint,8,AttFR,100,1%,1%,1,"31100401,31100403",200000092,"A. RENDEMENT CONSTANT, GAIN ET COÛT FIXES",FORTEMENT PROBABLE
LordSkillTree / Physique / Amélioration corporelle I / Attaque / Attaque augmentée,Attaque augmentée 2/3,31100502,4,5,2,NON DÉTERMINÉ,8,AttFR,100,1%,1%,NON DÉTERMINÉ,"31100401,31100403",200000092,"A. RENDEMENT CONSTANT, GAIN ET COÛT FIXES",FORTEMENT PROBABLE; coût NON DÉTERMINÉ
LordSkillTree / Physique / Amélioration corporelle I / Attaque / Attaque augmentée,Attaque augmentée 3/3,31100502,4,5,3,NON DÉTERMINÉ,8,AttFR,100,1%,1%,NON DÉTERMINÉ,"31100401,31100403",200000092,"A. RENDEMENT CONSTANT, GAIN ET COÛT FIXES",FORTEMENT PROBABLE; coût NON DÉTERMINÉ
LordSkillTree / Physique / Amélioration corporelle I / Défense / Défense augmentée,Défense augmentée 1/3,31100601,5,6,1,1 SpecialPoint,9,ArmFR,100,1%,1%,1,31100502,200000093,"A. RENDEMENT CONSTANT, GAIN ET COÛT FIXES",FORTEMENT PROBABLE
LordSkillTree / Physique / Amélioration corporelle I / Défense / Défense augmentée,Défense augmentée 2/3,31100601,5,6,2,NON DÉTERMINÉ,9,ArmFR,100,1%,1%,NON DÉTERMINÉ,31100502,200000093,"A. RENDEMENT CONSTANT, GAIN ET COÛT FIXES",FORTEMENT PROBABLE; coût NON DÉTERMINÉ
LordSkillTree / Physique / Amélioration corporelle I / Défense / Défense augmentée,Défense augmentée 3/3,31100601,5,6,3,NON DÉTERMINÉ,9,ArmFR,100,1%,1%,NON DÉTERMINÉ,31100502,200000093,"A. RENDEMENT CONSTANT, GAIN ET COÛT FIXES",FORTEMENT PROBABLE; coût NON DÉTERMINÉ
LordSkillTree / Physique / Amélioration corporelle I / PV / PV augmentés,PV augmentés 1/3,31100603,5,6,1,1 SpecialPoint,9,IncreaseMHP,100,1%,1%,1,31100502,200000094,"A. RENDEMENT CONSTANT, GAIN ET COÛT FIXES",FORTEMENT PROBABLE
LordSkillTree / Physique / Amélioration corporelle I / PV / PV augmentés,PV augmentés 2/3,31100603,5,6,2,NON DÉTERMINÉ,9,IncreaseMHP,100,1%,1%,NON DÉTERMINÉ,31100502,200000094,"A. RENDEMENT CONSTANT, GAIN ET COÛT FIXES",FORTEMENT PROBABLE; coût NON DÉTERMINÉ
LordSkillTree / Physique / Amélioration corporelle I / PV / PV augmentés,PV augmentés 3/3,31100603,5,6,3,NON DÉTERMINÉ,9,IncreaseMHP,100,1%,1%,NON DÉTERMINÉ,31100502,200000094,"A. RENDEMENT CONSTANT, GAIN ET COÛT FIXES",FORTEMENT PROBABLE; coût NON DÉTERMINÉ
LordSkillTree / Physique / Amélioration corporelle II / Taux critique / Taux de coup critique augmenté,Taux de coup critique augmenté 1/3,31101102,0,1,1,1 SpecialPoint,0,CriticalP,33,0.33%,0.33%,0.33,,200000095,"A. RENDEMENT CONSTANT, GAIN ET COÛT FIXES",FORTEMENT PROBABLE
LordSkillTree / Physique / Amélioration corporelle II / Taux critique / Taux de coup critique augmenté,Taux de coup critique augmenté 2/3,31101102,0,1,2,NON DÉTERMINÉ,0,CriticalP,33,0.33%,0.33%,NON DÉTERMINÉ,,200000095,"A. RENDEMENT CONSTANT, GAIN ET COÛT FIXES",FORTEMENT PROBABLE; coût NON DÉTERMINÉ
LordSkillTree / Physique / Amélioration corporelle II / Taux critique / Taux de coup critique augmenté,Taux de coup critique augmenté 3/3,31101102,0,1,3,NON DÉTERMINÉ,0,CriticalP,33,0.33%,0.33%,NON DÉTERMINÉ,,200000095,"A. RENDEMENT CONSTANT, GAIN ET COÛT FIXES",FORTEMENT PROBABLE; coût NON DÉTERMINÉ
LordSkillTree / Physique / Amélioration corporelle II / Pénétration de défense % / Pénétration de défense augmentée,Pénétration de défense augmentée 1/3,31101201,1,2,1,1 SpecialPoint,1,ArmPenP,33,0.33%,0.33%,0.33,31101102,200000096,"A. RENDEMENT CONSTANT, GAIN ET COÛT FIXES",FORTEMENT PROBABLE
LordSkillTree / Physique / Amélioration corporelle II / Pénétration de défense % / Pénétration de défense augmentée,Pénétration de défense augmentée 2/3,31101201,1,2,2,NON DÉTERMINÉ,1,ArmPenP,33,0.33%,0.33%,NON DÉTERMINÉ,31101102,200000096,"A. RENDEMENT CONSTANT, GAIN ET COÛT FIXES",FORTEMENT PROBABLE; coût NON DÉTERMINÉ
LordSkillTree / Physique / Amélioration corporelle II / Pénétration de défense % / Pénétration de défense augmentée,Pénétration de défense augmentée 3/3,31101201,1,2,3,NON DÉTERMINÉ,1,ArmPenP,33,0.33%,0.33%,NON DÉTERMINÉ,31101102,200000096,"A. RENDEMENT CONSTANT, GAIN ET COÛT FIXES",FORTEMENT PROBABLE; coût NON DÉTERMINÉ
LordSkillTree / Physique / Amélioration corporelle II / Pénétration de défense % / Pénétration de défense augmentée,Pénétration de défense augmentée 1/3,31101203,1,2,1,1 SpecialPoint,1,ArmPenP,33,0.33%,0.33%,0.33,31101102,200000097,"A. RENDEMENT CONSTANT, GAIN ET COÛT FIXES",FORTEMENT PROBABLE
LordSkillTree / Physique / Amélioration corporelle II / Pénétration de défense % / Pénétration de défense augmentée,Pénétration de défense augmentée 2/3,31101203,1,2,2,NON DÉTERMINÉ,1,ArmPenP,33,0.33%,0.33%,NON DÉTERMINÉ,31101102,200000097,"A. RENDEMENT CONSTANT, GAIN ET COÛT FIXES",FORTEMENT PROBABLE; coût NON DÉTERMINÉ
LordSkillTree / Physique / Amélioration corporelle II / Pénétration de défense % / Pénétration de défense augmentée,Pénétration de défense augmentée 3/3,31101203,1,2,3,NON DÉTERMINÉ,1,ArmPenP,33,0.33%,0.33%,NON DÉTERMINÉ,31101102,200000097,"A. RENDEMENT CONSTANT, GAIN ET COÛT FIXES",FORTEMENT PROBABLE; coût NON DÉTERMINÉ
LordSkillTree / Physique / Amélioration corporelle II / Taux critique / Taux de coup critique augmenté,Taux de coup critique augmenté 1/3,31101302,2,3,1,1 SpecialPoint,4,CriticalP,33,0.33%,0.33%,0.33,"31101201,31101203",200000098,"A. RENDEMENT CONSTANT, GAIN ET COÛT FIXES",FORTEMENT PROBABLE
LordSkillTree / Physique / Amélioration corporelle II / Taux critique / Taux de coup critique augmenté,Taux de coup critique augmenté 2/3,31101302,2,3,2,NON DÉTERMINÉ,4,CriticalP,33,0.33%,0.33%,NON DÉTERMINÉ,"31101201,31101203",200000098,"A. RENDEMENT CONSTANT, GAIN ET COÛT FIXES",FORTEMENT PROBABLE; coût NON DÉTERMINÉ
LordSkillTree / Physique / Amélioration corporelle II / Taux critique / Taux de coup critique augmenté,Taux de coup critique augmenté 3/3,31101302,2,3,3,NON DÉTERMINÉ,4,CriticalP,33,0.33%,0.33%,NON DÉTERMINÉ,"31101201,31101203",200000098,"A. RENDEMENT CONSTANT, GAIN ET COÛT FIXES",FORTEMENT PROBABLE; coût NON DÉTERMINÉ
LordSkillTree / Physique / Amélioration corporelle II / Pénétration de défense % / Pénétration de défense augmentée,Pénétration de défense augmentée 1/3,31101401,3,4,1,1 SpecialPoint,5,ArmPenP,33,0.33%,0.33%,0.33,31101302,200000099,"A. RENDEMENT CONSTANT, GAIN ET COÛT FIXES",FORTEMENT PROBABLE
LordSkillTree / Physique / Amélioration corporelle II / Pénétration de défense % / Pénétration de défense augmentée,Pénétration de défense augmentée 2/3,31101401,3,4,2,NON DÉTERMINÉ,5,ArmPenP,33,0.33%,0.33%,NON DÉTERMINÉ,31101302,200000099,"A. RENDEMENT CONSTANT, GAIN ET COÛT FIXES",FORTEMENT PROBABLE; coût NON DÉTERMINÉ
LordSkillTree / Physique / Amélioration corporelle II / Pénétration de défense % / Pénétration de défense augmentée,Pénétration de défense augmentée 3/3,31101401,3,4,3,NON DÉTERMINÉ,5,ArmPenP,33,0.33%,0.33%,NON DÉTERMINÉ,31101302,200000099,"A. RENDEMENT CONSTANT, GAIN ET COÛT FIXES",FORTEMENT PROBABLE; coût NON DÉTERMINÉ
LordSkillTree / Physique / Amélioration corporelle II / Pénétration de défense % / Pénétration de défense augmentée,Pénétration de défense augmentée 1/3,31101403,3,4,1,1 SpecialPoint,5,ArmPenP,33,0.33%,0.33%,0.33,31101302,200000100,"A. RENDEMENT CONSTANT, GAIN ET COÛT FIXES",FORTEMENT PROBABLE
LordSkillTree / Physique / Amélioration corporelle II / Pénétration de défense % / Pénétration de défense augmentée,Pénétration de défense augmentée 2/3,31101403,3,4,2,NON DÉTERMINÉ,5,ArmPenP,33,0.33%,0.33%,NON DÉTERMINÉ,31101302,200000100,"A. RENDEMENT CONSTANT, GAIN ET COÛT FIXES",FORTEMENT PROBABLE; coût NON DÉTERMINÉ
LordSkillTree / Physique / Amélioration corporelle II / Pénétration de défense % / Pénétration de défense augmentée,Pénétration de défense augmentée 3/3,31101403,3,4,3,NON DÉTERMINÉ,5,ArmPenP,33,0.33%,0.33%,NON DÉTERMINÉ,31101302,200000100,"A. RENDEMENT CONSTANT, GAIN ET COÛT FIXES",FORTEMENT PROBABLE; coût NON DÉTERMINÉ
LordSkillTree / Physique / Amélioration corporelle II / Réduction des dégâts / Dégâts subis réduits,Dégâts subis réduits 1/3,31101501,4,5,1,1 SpecialPoint,6,DamReduP,33,0.33%,0.33%,0.33,31101401,200000101,A. LISSAGE VISUEL / RENDEMENT CONSTANT,FORTEMENT PROBABLE
LordSkillTree / Physique / Amélioration corporelle II / Réduction des dégâts / Dégâts subis réduits,Dégâts subis réduits 2/3,31101501,4,5,2,NON DÉTERMINÉ,6,DamReduP,33,0.33%,0.33%,NON DÉTERMINÉ,31101401,200000101,A. LISSAGE VISUEL / RENDEMENT CONSTANT,FORTEMENT PROBABLE; coût NON DÉTERMINÉ
LordSkillTree / Physique / Amélioration corporelle II / Réduction des dégâts / Dégâts subis réduits,Dégâts subis réduits 3/3,31101501,4,5,3,NON DÉTERMINÉ,6,DamReduP,33,0.33%,0.33%,NON DÉTERMINÉ,31101401,200000101,A. LISSAGE VISUEL / RENDEMENT CONSTANT,FORTEMENT PROBABLE; coût NON DÉTERMINÉ
LordSkillTree / Physique / Amélioration corporelle II / Réduction des dégâts / Dégâts subis réduits,Dégâts subis réduits 1/3,31101503,4,5,1,1 SpecialPoint,6,DamReduP,33,0.33%,0.33%,0.33,31101403,200000102,A. LISSAGE VISUEL / RENDEMENT CONSTANT,FORTEMENT PROBABLE
LordSkillTree / Physique / Amélioration corporelle II / Réduction des dégâts / Dégâts subis réduits,Dégâts subis réduits 2/3,31101503,4,5,2,NON DÉTERMINÉ,6,DamReduP,33,0.33%,0.33%,NON DÉTERMINÉ,31101403,200000102,A. LISSAGE VISUEL / RENDEMENT CONSTANT,FORTEMENT PROBABLE; coût NON DÉTERMINÉ
LordSkillTree / Physique / Amélioration corporelle II / Réduction des dégâts / Dégâts subis réduits,Dégâts subis réduits 3/3,31101503,4,5,3,NON DÉTERMINÉ,6,DamReduP,33,0.33%,0.33%,NON DÉTERMINÉ,31101403,200000102,A. LISSAGE VISUEL / RENDEMENT CONSTANT,FORTEMENT PROBABLE; coût NON DÉTERMINÉ
LordSkillTree / Physique / Amélioration corporelle II / Taux critique / Taux de coup critique augmenté,Taux de coup critique augmenté 1/3,31101601,5,6,1,1 SpecialPoint,7,CriticalP,33,0.33%,0.33%,0.33,31101501,200000103,"A. RENDEMENT CONSTANT, GAIN ET COÛT FIXES",FORTEMENT PROBABLE
LordSkillTree / Physique / Amélioration corporelle II / Taux critique / Taux de coup critique augmenté,Taux de coup critique augmenté 2/3,31101601,5,6,2,NON DÉTERMINÉ,7,CriticalP,33,0.33%,0.33%,NON DÉTERMINÉ,31101501,200000103,"A. RENDEMENT CONSTANT, GAIN ET COÛT FIXES",FORTEMENT PROBABLE; coût NON DÉTERMINÉ
LordSkillTree / Physique / Amélioration corporelle II / Taux critique / Taux de coup critique augmenté,Taux de coup critique augmenté 3/3,31101601,5,6,3,NON DÉTERMINÉ,7,CriticalP,33,0.33%,0.33%,NON DÉTERMINÉ,31101501,200000103,"A. RENDEMENT CONSTANT, GAIN ET COÛT FIXES",FORTEMENT PROBABLE; coût NON DÉTERMINÉ
LordSkillTree / Physique / Amélioration corporelle II / Taux critique / Taux de coup critique augmenté,Taux de coup critique augmenté 1/3,31101603,5,6,1,1 SpecialPoint,7,CriticalP,33,0.33%,0.33%,0.33,31101503,200000104,"A. RENDEMENT CONSTANT, GAIN ET COÛT FIXES",FORTEMENT PROBABLE
LordSkillTree / Physique / Amélioration corporelle II / Taux critique / Taux de coup critique augmenté,Taux de coup critique augmenté 2/3,31101603,5,6,2,NON DÉTERMINÉ,7,CriticalP,33,0.33%,0.33%,NON DÉTERMINÉ,31101503,200000104,"A. RENDEMENT CONSTANT, GAIN ET COÛT FIXES",FORTEMENT PROBABLE; coût NON DÉTERMINÉ
LordSkillTree / Physique / Amélioration corporelle II / Taux critique / Taux de coup critique augmenté,Taux de coup critique augmenté 3/3,31101603,5,6,3,NON DÉTERMINÉ,7,CriticalP,33,0.33%,0.33%,NON DÉTERMINÉ,31101503,200000104,"A. RENDEMENT CONSTANT, GAIN ET COÛT FIXES",FORTEMENT PROBABLE; coût NON DÉTERMINÉ
LordSkillTree / Éveil du monarque / Vision ombrale / EXRecovery / L'Aube du règne I,L'Aube du règne I,31102102,0,1,1,3 SpecialPoint,0,EXRecovery,1000,1000,1000,NON DÉTERMINÉ,,200000105,NON DÉTERMINÉ,CONFIRMÉ PAR LES GAMEDATA; unité NON DÉTERMINÉE
LordSkillTree / Éveil du monarque / Vision ombrale / EXGainRateAdd / L'Aube du règne II,L'Aube du règne II,31102201,1,2,1,3 SpecialPoint,3,EXGainRateAdd,2000,2000,2000,NON DÉTERMINÉ,31102102,200000106,NON DÉTERMINÉ,CONFIRMÉ PAR LES GAMEDATA; unité NON DÉTERMINÉE
LordSkillTree / Éveil du monarque / Vision ombrale / EXGainRateAdd / L'Aube du règne III,L'Aube du règne III,31102203,1,2,1,3 SpecialPoint,3,EXGainRateAdd,2000,2000,2000,NON DÉTERMINÉ,31102102,200000107,NON DÉTERMINÉ,CONFIRMÉ PAR LES GAMEDATA; unité NON DÉTERMINÉE
LordSkillTree / Éveil du monarque / Vision ombrale / EXGainRateAdd / L'Aube du règne IV,L'Aube du règne IV,31102302,2,3,1,3 SpecialPoint,12,EXGainRateAdd,2000,2000,2000,NON DÉTERMINÉ,"31102201,31102203",200000108,NON DÉTERMINÉ,CONFIRMÉ PAR LES GAMEDATA; unité NON DÉTERMINÉE
LordSkillTree / Éveil du monarque / Vision ombrale / SkillChange / Tranchant des ombres II,Tranchant des ombres II,31102502,4,5,1,3 SpecialPoint,18,SkillChange,1001117000000,1001117000000,1001117000000,NON DÉTERMINÉ,31102402,200000112,NON DÉTERMINÉ,CONFIRMÉ PAR LES GAMEDATA; unité NON DÉTERMINÉE
LordSkillTree / Éveil du monarque / Libération d'âme / SkillChange / Âme du clair de lune I,Âme du clair de lune I,31103301,2,3,1,3 SpecialPoint,6,SkillChange,1001112000000,1001112000000,1001112000000,NON DÉTERMINÉ,31103201,200000118,NON DÉTERMINÉ,CONFIRMÉ PAR LES GAMEDATA; unité NON DÉTERMINÉE
LordSkillTree / Éveil du monarque / Libération d'âme / EnhanceSkillDamage / Présage de destruction II,Présage de destruction II,31103503,4,5,1,3 SpecialPoint,12,EnhanceSkillDamage,1000,1000,1000,NON DÉTERMINÉ,31103403,200000123,NON DÉTERMINÉ,CONFIRMÉ PAR LES GAMEDATA; unité NON DÉTERMINÉE
