Compétence,Nom rang,ID interne,SkillGroupID,BaseSkillInfoKey,Niveau,Rang,SkillType,TotalDamage,DamAttCoeff,DamArmCoeff,DamMHPCoeff,Cooldown,Coût MP,Gain MP,Buff IDs,Buffs appliqués,Description localisée,Coût d'amélioration explicite,Delta TotalDamage,Variation TotalDamage %,Delta DamAttCoeff,Variation DamAttCoeff %,Delta DamArmCoeff,Variation DamArmCoeff %,Delta DamMHPCoeff,Variation DamMHPCoeff %,Delta Cooldown,Variation Cooldown %,Delta MPCon,Variation MPCon %,Delta MPGain,Variation MPGain %,Gain réel par rapport au rang précédent
Tueur de marcheurs blancs,Tueur de marcheurs blancs I,1001606000001,1001606000000,1001606000001,1,1,NormalSkill,0,2.2899999618530273,0.0,0.0,22.0,183,0,,,"Jinwoo lance sa dague, se téléporte jusqu'à l'ennemi touché, puis effectue une puissante entaille.",,,,,,,,,,,,,,,,
Tueur de marcheurs blancs,Tueur de marcheurs blancs II,1001606000101,1001606000100,1001606000101,1,2,NormalSkill,0,2.2899999618530273,0.0,0.0,22.0,183,0,"200020003001,200020003002,200020003003,200020003004,200020003005,200020003006,200020003007","200020003001 | states EnhanceBackDamage(621,750,0) || 200020003002 | states EnhanceBackDamage(622,750,0) || 200020003003 | states EnhanceBackDamage(623,750,0) || 200020003004 | states EnhanceBackDamage(624,750,0) || 200020003005 | states EnhanceBackDamage(606,750,0) || 200020003006 | states EnhanceBackDamage(162,750,0) || 200020003007 | states EnhanceBackDamage(163,750,0)",Les dégâts infligés par Jinwoo augmentent lorsqu'il attaque un ennemi par-derrière avec le Surin de Baruka.,,0,,0,0,0,,0,,0,0,0,0,0,,buffs modifiés
Tueur de marcheurs blancs,Tueur de marcheurs blancs III,1001606000201,1001606000200,1001606000201,1,3,NormalSkill,0,2.380000114440918,0.0,0.0,22.0,183,0,"200020003008,200020003001,200020003002,200020003003,200020003004,200020003005,200020003006,200020003007","200020003008 | states ForceBackAttack(606,0,0) || 200020003001 | states EnhanceBackDamage(621,750,0) || 200020003002 | states EnhanceBackDamage(622,750,0) || 200020003003 | states EnhanceBackDamage(623,750,0) || 200020003004 | states EnhanceBackDamage(624,750,0) || 200020003005 | states EnhanceBackDamage(606,750,0) || 200020003006 | states EnhanceBackDamage(162,750,0) || 200020003007 | states EnhanceBackDamage(163,750,0)","Les dégâts infligés par Jinwoo augmentent lorsqu'il attaque un ennemi par-derrière avec le Surin de Baruka.\nLorsque la dague touche la cible, <color=#FAC800>[Tueur de marcheurs blancs]</color> inflige une attaque dans le dos de façon garantie.",,0,,0.0900002,3.93014,0,,0,,0,0,0,0,0,,DamAttCoeff: 0.0900002 (3.93014%); buffs modifiés
Tueur de marcheurs blancs,Tueur de marcheurs blancs IV,1001606000301,1001606000300,1001606000301,1,4,NormalSkill,0,2.380000114440918,0.0,0.0,22.0,183,0,"200020003008,200020003010,200020003001,200020003002,200020003003,200020003004,200020003005,200020003006,200020003007,200020003009","200020003008 | states ForceBackAttack(606,0,0) || 200020003010 || 200020003001 | states EnhanceBackDamage(621,750,0) || 200020003002 | states EnhanceBackDamage(622,750,0) || 200020003003 | states EnhanceBackDamage(623,750,0) || 200020003004 | states EnhanceBackDamage(624,750,0) || 200020003005 | states EnhanceBackDamage(606,750,0) || 200020003006 | states EnhanceBackDamage(162,750,0) || 200020003007 | states EnhanceBackDamage(163,750,0) || 200020003009 | states IncreaseDamageByTargetBuff(606,200020003010,1000)","Les dégâts infligés par Jinwoo augmentent lorsqu'il attaque un ennemi par-derrière avec le Surin de Baruka.\nLorsque la dague touche la cible, <color=#FAC800>[Tueur de marcheurs blancs]</color> inflige une attaque dans le dos de façon garantie.\nLes dégâts infligés aux cibles affectées par <color=#FAC800>[Tueur de marcheurs blancs]</color> infligé avec la dague augmentent.",,0,,0,0,0,,0,,0,0,0,0,0,,buffs modifiés
Tueur de marcheurs blancs,Tueur de marcheurs blancs V,1001606000401,1001606000400,1001606000401,1,5,NormalSkill,0,2.5899999141693115,0.0,0.0,22.0,183,0,"200020003008,200020003010,200020003013,200020003012,200020003001,200020003002,200020003003,200020003004,200020003005,200020003006,200020003007,200020003009,200020003011","200020003008 | states ForceBackAttack(606,0,0) || 200020003010 || 200020003013 | states IncreaseHitCriRate(1000,606,0), IncreaseHitCriDam(1000,606,0) || 200020003012 | states StatIncrease(2,10,0) || 200020003001 | states EnhanceBackDamage(621,750,0) || 200020003002 | states EnhanceBackDamage(622,750,0) || 200020003003 | states EnhanceBackDamage(623,750,0) || 200020003004 | states EnhanceBackDamage(624,750,0) || 200020003005 | states EnhanceBackDamage(606,750,0) || 200020003006 | states EnhanceBackDamage(162,750,0) || 200020003007 | states EnhanceBackDamage(163,750,0) || 200020003009 | states IncreaseDamageByTargetBuff(606,200020003010,1000) || 200020003011","Les dégâts infligés par Jinwoo augmentent lorsqu'il attaque un ennemi par-derrière avec le Surin de Baruka.\nLorsque la dague touche la cible, <color=#FAC800>[Tueur de marcheurs blancs]</color> inflige une attaque dans le dos de façon garantie.\nLes dégâts infligés aux cibles affectées par <color=#FAC800>[Tueur de marcheurs blancs]</color> infligé avec la dague augmentent.\nL'effet <color=#64FAC8>[Vivacité]</color> se déclenche quand la dague touche sa cible.\n\n<color=#64FAC8>[Vivacité]</color>\nAugmente l'Agilité de Jinwoo de <color=#FFDF7D>10</color> points.\nAvec agilité, Jinwoo cible rapidement et précisément les points faibles de l'ennemi. <color=#FAC800>[Tueur de marcheurs blancs] inflige des dégâts aux cibles touchées par la dague avec un Taux de coup critique légèrement augmenté, ainsi que des Dégâts de coup critique augmentés</color>.",,0,,0.21,8.82352,0,,0,,0,0,0,0,0,,DamAttCoeff: 0.21 (8.82352%); buffs modifiés
Vague de dragon naga,Vague de dragon naga I,1001627000001,1001627000000,1001627000001,1,1,NormalSkill,0,3.569999933242798,0.0,0.0,29.0,241,0,1420000021,"1420000021 | stats PrecisionP=1200, DamP=-800",Jinwoo fait tournoyer sa lance pour invoquer une vague en forme de dragon qui s'élève avant de s'abattre pour infliger des dégâts.,,,,,,,,,,,,,,,,
Vague de dragon naga,Vague de dragon naga II,1001627000101,1001627000100,1001627000101,1,2,NormalSkill,0,3.940000057220459,0.0,0.0,29.0,241,0,"200020002015,1420000021,200020002001","200020002015 | states ReactionImmune(16,0,0) || 1420000021 | stats PrecisionP=1200, DamP=-800 || 200020002001",L'utilisation de cette compétence augmente temporairement l'<color=#64FAC8>[Attaque]</color> de Jinwoo et lui confère <color=#64FAC8>[Super armure]</color>.,,0,,0.37,10.3641,0,,0,,0,0,0,0,0,,DamAttCoeff: 0.37 (10.3641%); buffs modifiés
Vague de dragon naga,Vague de dragon naga III,1001627000201,1001627000200,1001627000201,1,3,NormalSkill,0,3.940000057220459,0.0,0.0,29.0,241,0,"200020002015,1420000021,200020002001","200020002015 | states ReactionImmune(16,0,0) || 1420000021 | stats PrecisionP=1200, DamP=-800 || 200020002001","L'utilisation de cette compétence augmente temporairement l'<color=#64FAC8>[Attaque]</color> de Jinwoo, et lui confère <color=#64FAC8>[Super armure]</color>.\nLe nombre de coups de lance et de piliers d'eau augmente.",,0,,0,0,0,,0,,0,0,0,0,0,,
Vague de dragon naga,Vague de dragon naga IV,1001627000301,1001627000300,1001627000301,1,4,NormalSkill,0,3.940000057220459,0.0,0.0,29.0,241,0,"200020002015,1420000021,200020002001,200020002003,200020002005","200020002015 | states ReactionImmune(16,0,0) || 1420000021 | stats PrecisionP=1200, DamP=-800 || 200020002001 || 200020002003 || 200020002005","L'utilisation de cette compétence augmente temporairement l'<color=#64FAC8>[Attaque]</color> et le <color=#64FAC8>[Taux de récupération des PM]</color> de Jinwoo. Il obtient <color=#64FAC8>[Super armure]</color> pendant son exécution, et le nombre de coups de lance et de piliers d'eau augmente.\nLorsqu'il attaque avec cette compétence, a des chances d'augmenter les <color=#64FAC8>dégâts élémentaires</color> <color=#b0c6db>(cumulable jusqu'à 6 fois)</color>.",,0,,0,0,0,,0,,0,0,0,0,0,,buffs modifiés
Vague de dragon naga,Vague de dragon naga V,1001627000401,1001627000400,1001627000401,1,5,NormalSkill,0,3.940000057220459,0.0,0.0,29.0,241,0,"200020002011,200020002015,1420000021,200020002001,200020002003,200020002005","200020002011 || 200020002015 | states ReactionImmune(16,0,0) || 1420000021 | stats PrecisionP=1200, DamP=-800 || 200020002001 || 200020002003 || 200020002005","L'utilisation de cette compétence augmente temporairement l'<color=#64FAC8>[Attaque]</color> et le <color=#64FAC8>[Taux de récupération des PM]</color> de Jinwoo. Il obtient <color=#64FAC8>[Super armure]</color> pendant son exécution, et le nombre de coups de lance et de piliers d'eau augmente.\nLorsqu'il attaque avec cette compétence, a des chances d'augmenter les <color=#64FAC8>dégâts élémentaires</color> <color=#b0c6db>(cumulable jusqu'à 6 fois)</color>.\nUn pilier d'eau est créé dans la portée du trident lorsque les ennemis sont touchés <color=#FFDF7D>5 fois</color>.",,0,,0,0,0,,0,,0,0,0,0,0,,buffs modifiés
Entaille ardente,Entaille ardente I,1001648000001,1001648000000,1001648000001,1,1,NormalSkill,0,3.619999885559082,0.0,0.0,35.0,291,0,,,"Jinwoo concentre son énergie, dégaine rapidement son épée et frappe violemment devant lui.",,,,,,,,,,,,,,,,
Entaille ardente,Entaille ardente II,1001648000101,1001648000100,1001648000101,1,2,NormalSkill,0,3.619999885559082,0.0,0.0,35.0,291,0,200010005000,"200010005000 | stats DamReduP=3000 | states ReactionImmune(16,0,0)","Lorsque Jinwoo est touché alors qu'il adopte la posture <color=#FAC800>[Entaille ardente]</color>, les dégâts qu'il subit sont réduits et sa posture n'est pas interrompue. Les dégâts ainsi que l'effet Déséquilibre d'<color=#FAC800>[Entaille ardente]</color> augmentent légèrement l'espace d'un instant.",,0,,0,0,0,,0,,0,0,0,0,0,,buffs modifiés
Entaille ardente,Entaille ardente III,1001648000201,1001648000200,1001648000201,1,3,NormalSkill,0,3.869999885559082,0.0,0.0,35.0,291,0,200010005000,"200010005000 | stats DamReduP=3000 | states ReactionImmune(16,0,0)","Lorsque Jinwoo est touché alors qu'il adopte la posture <color=#FAC800>[Entaille ardente]</color>, les dégâts qu'il subit sont réduits et sa posture n'est pas interrompue. Les dégâts ainsi que l'effet Déséquilibre d'<color=#FAC800>[Entaille ardente]</color> augmentent légèrement l'espace d'un instant.",,0,,0.25,6.90608,0,,0,,0,0,0,0,0,,DamAttCoeff: 0.25 (6.90608%)
Entaille ardente,Entaille ardente IV,1001648000301,1001648000300,1001648000301,1,4,NormalSkill,0,3.869999885559082,0.0,0.0,35.0,291,0,"200010005000,200010005002","200010005000 | stats DamReduP=3000 | states ReactionImmune(16,0,0) || 200010005002","Lorsque Jinwoo est touché alors qu'il adopte la posture <color=#FAC800>[Entaille ardente]</color>, les dégâts qu'il subit sont réduits et sa posture n'est pas interrompue. Les dégâts ainsi que l'effet Déséquilibre d'<color=#FAC800>[Entaille ardente]</color> augmentent légèrement l'espace d'un instant.\nLorsque <color=#FAC800>[Entaille ardente]</color> met l'ennemi en état de <color=#FF8741>Déséquilibre</color>, le temps de rechargement de la compétence est réinitialisé et les dégâts d'<color=#FAC800>[Entaille ardente]</color> infligés à la cible augmentent significativement.",,0,,0,0,0,,0,,0,0,0,0,0,,buffs modifiés
Entaille ardente,Entaille ardente V,1001648000401,1001648000400,1001648000401,1,5,NormalSkill,0,3.9100000858306885,0.0,0.0,35.0,291,0,"200010005000,200010005002,200010005004","200010005000 | stats DamReduP=3000 | states ReactionImmune(16,0,0) || 200010005002 || 200010005004","Lorsque Jinwoo est touché alors qu'il adopte la posture <color=#FAC800>[Entaille ardente]</color>, les dégâts qu'il subit sont réduits et sa posture n'est pas interrompue. Les dégâts ainsi que l'effet Déséquilibre d'<color=#FAC800>[Entaille ardente]</color> augmentent légèrement l'espace d'un instant.\nLorsque <color=#FAC800>[Entaille ardente]</color> met l'ennemi en état de <color=#FF8741>Déséquilibre</color>, le temps de rechargement de la compétence est réinitialisé et les dégâts d'<color=#FAC800>[Entaille ardente]</color> infligés à la cible augmentent significativement.",,0,,0.0400002,1.0336,0,,0,,0,0,0,0,0,,DamAttCoeff: 0.0400002 (1.0336%); buffs modifiés
Jugement du Léviathan,Jugement du Léviathan I,1001602000001,1001602000000,1001602000001,1,1,NormalSkill,0,4.679999828338623,0.0,0.0,38.0,316,0,"1200191000,1001602000004","1200191000 | states ReactionImmune(16,0,0) | Super armure || 1001602000004 | stats CriDamP=4000","Lorsqu'il utilise cette compétence, Jinwoo bénéficie de <color=#64FAC8>[Super armure]</color>.",,,,,,,,,,,,,,,,
Jugement du Léviathan,Jugement du Léviathan II,1001602000101,1001602000100,1001602000101,1,2,NormalSkill,0,4.679999828338623,0.0,0.0,38.0,316,0,"1200191000,1001602000004,1001602000001","1200191000 | states ReactionImmune(16,0,0) | Super armure || 1001602000004 | stats CriDamP=4000 || 1001602000001","Lorsqu'il utilise cette compétence, Jinwoo bénéficie de <color=#64FAC8>[Super armure]</color>\n. Lorsque cette compétence touche sa cible, elle lui inflige l'effet <color=#64FAC8>[Glace gelée]</color>.",,0,,0,0,0,,0,,0,0,0,0,0,,buffs modifiés
Jugement du Léviathan,Jugement du Léviathan III,1001602000201,1001602000200,1001602000201,1,3,NormalSkill,0,4.880000114440918,0.0,0.0,38.0,316,0,"1200191000,1001602000004,1001602000001","1200191000 | states ReactionImmune(16,0,0) | Super armure || 1001602000004 | stats CriDamP=4000 || 1001602000001","Lorsqu'il utilise cette compétence, Jinwoo bénéficie de <color=#64FAC8>[Super armure]</color>\n. Lorsque cette compétence touche sa cible, elle lui inflige l'effet <color=#64FAC8>[Glace gelée]</color>.",,0,,0.2,4.27351,0,,0,,0,0,0,0,0,,DamAttCoeff: 0.2 (4.27351%)
Jugement du Léviathan,Jugement du Léviathan IV,1001602000301,1001602000300,1001602000301,1,4,NormalSkill,0,4.880000114440918,0.0,0.0,38.0,316,0,"1001602000002,1200191000,1001602000004,1001602000001","1001602000002 | states ChangeDamageOnElementType(1,500,0) || 1200191000 | states ReactionImmune(16,0,0) | Super armure || 1001602000004 | stats CriDamP=4000 || 1001602000001","Lorsqu'il utilise cette compétence, Jinwoo bénéficie de <color=#64FAC8>[Super armure]</color>\n. Lorsque cette compétence touche sa cible, elle lui inflige l'effet <color=#64FAC8>[Glace gelée]</color>.\nLes ennemis se trouvant dans la zone pluvieuse subissent davantage de dégâts d'<color=#4B96FA>[eau]</color>.",,0,,0,0,0,,0,,0,0,0,0,0,,buffs modifiés
Éclat de lumière,Éclat de lumière I,1001626000001,1001626000000,1001626000001,1,1,NormalSkill,0,2.5999999046325684,0.0,0.0,28.0,233,0,,,"Jinwoo traîne son arme au sol pour provoquer une puissante explosion, puis recule et tire une salve de flèches de lumière.",,,,,,,,,,,,,,,,
Éclat de lumière,Éclat de lumière II,1001626000101,1001626000100,1001626000101,1,2,NormalSkill,0,2.680000066757202,0.0,0.0,28.0,233,0,200020004001,"200020004001 | Paralysie | states BodyStop(60,0,0) | Immobilise la cible.\nDurée : <color=#FFDF7D>{Duration,0.001} seconde(s)</color>","Lorsque la première attaque de Jinwoo touche, elle inflige l'effet <color=#64FAC8>[Paralysie]</color> à la cible.",,0,,0.0800002,3.07693,0,,0,,0,0,0,0,0,,DamAttCoeff: 0.0800002 (3.07693%); buffs modifiés
Éclat de lumière,Éclat de lumière III,1001626000201,1001626000200,1001626000201,1,3,NormalSkill,0,2.680000066757202,0.0,0.0,28.0,233,0,"200020004001,200020004002","200020004001 | Paralysie | states BodyStop(60,0,0) | Immobilise la cible.\nDurée : <color=#FFDF7D>{Duration,0.001} seconde(s)</color> || 200020004002 | states IncreaseDamageByTargetSpecialState(626,22,5000)","Lorsque la première attaque de Jinwoo touche, elle inflige l'effet <color=#64FAC8>[Paralysie]</color> à la cible.\nAugmente les dégâts d'<color=#FAC800>[Éclat de lumière]</color> infligés aux cibles touchées par l'effet <color=#64FAC8>[Paralysie]</color>.",,0,,0,0,0,,0,,0,0,0,0,0,,buffs modifiés
Éclat de lumière,Éclat de lumière IV,1001626000301,1001626000300,1001626000301,1,4,NormalSkill,0,2.680000066757202,0.0,0.0,28.0,233,0,"200020004001,200020004002","200020004001 | Paralysie | states BodyStop(60,0,0) | Immobilise la cible.\nDurée : <color=#FFDF7D>{Duration,0.001} seconde(s)</color> || 200020004002 | states IncreaseDamageByTargetSpecialState(626,22,5000)","Lorsque la première attaque de Jinwoo touche, elle inflige l'effet <color=#64FAC8>[Paralysie]</color> à la cible.\nAugmente les dégâts d'<color=#FAC800>[Éclat de lumière]</color> infligés aux cibles touchées par l'effet <color=#64FAC8>[Paralysie]</color>.",,0,,0,0,0,,0,,0,0,0,0,0,,
Vile attaque sournoise,Vile attaque sournoise I,1001706000001,1001706000000,1001706000001,1,1,NormalSkill,0,1.4299999475479126,0.0,0.0,22.0,183,0,,,Jinwoo se téléporte au-dessus de la tête de l'ennemi et le frappe d'une seule main.,,,,,,,,,,,,,,,,
Vile attaque sournoise,Vile attaque sournoise II,1001706000101,1001706000100,1001706000101,1,2,NormalSkill,0,1.4900000095367432,0.0,0.0,22.0,183,0,200010008001,"200010008001 | stats AttFR=-1000 | states LevelDotDamage(6,4000,0)","Lorsque les ennemis marchent sur les tuiles empoisonnées, ils déclenchent l'effet <color=#64FAC8>[Poison]</color>.",,0,,0.0600001,4.19581,0,,0,,0,0,0,0,0,,DamAttCoeff: 0.0600001 (4.19581%); buffs modifiés
Vile attaque sournoise,Vile attaque sournoise III,1001706000201,1001706000200,1001706000201,1,3,NormalSkill,0,2.3499999046325684,0.0,0.0,22.0,183,0,200010008001,"200010008001 | stats AttFR=-1000 | states LevelDotDamage(6,4000,0)","Lorsque les ennemis entrent en contact avec le brouillard toxique, ils subissent l'effet <color=#64FAC8>[Poison]</color>.",,0,,0.86,57.7181,0,,0,,0,0,0,0,0,,DamAttCoeff: 0.86 (57.7181%)
Vile attaque sournoise,Vile attaque sournoise IV,1001706000301,1001706000300,1001706000301,1,4,NormalSkill,0,2.3499999046325684,0.0,0.0,22.0,183,0,"200010008001,200010008002","200010008001 | stats AttFR=-1000 | states LevelDotDamage(6,4000,0) || 200010008002 | states SkillDamageIncreaseOnBuffedTarget(0,75,1000)","Lorsque les ennemis entrent en contact avec le brouillard toxique, ils subissent l'effet <color=#64FAC8>[Poison]</color>.\nLes dégâts infligés aux cibles touchées par l'effet <color=#64FAC8>[Poison]</color> augmentent.",,0,,0,0,0,,0,,0,0,0,0,0,,buffs modifiés
Incinération,Incinération I,1001720000001,1001720000000,1001720000001,1,1,NormalSkill,0,1.7799999713897705,0.0,0.0,35.0,291,0,,,Jinwoo concentre une énergie de feu intense et la fait exploser devant lui.,,,,,,,,,,,,,,,,
Incinération,Incinération II,1001720000101,1001720000100,1001720000101,1,2,NormalSkill,0,1.7799999713897705,0.0,0.0,35.0,291,0,"10185,10187","10185 | states SkillChange(1001720000100,1001720000500,0), SkillChange(1001720000200,1001720000500,0), SkillChange(1001720000300,1001720000500,0) || 10187 | states SkillChange(1001720000100,1001720000400,0), SkillChange(1001720000200,1001720000400,0), SkillChange(1001720000300,1001720000400,0)","Lorsque l'utilisateur réactive cette compétence au bon moment alors que l'énergie de feu est concentrée, une explosion supplémentaire se déclenche.",,0,,0,0,0,,0,,0,0,0,0,0,,buffs modifiés
Incinération,Incinération III,1001720000201,1001720000200,1001720000201,1,3,NormalSkill,0,1.7799999713897705,0.0,0.0,35.0,291,0,"10185,10187,10183","10185 | states SkillChange(1001720000100,1001720000500,0), SkillChange(1001720000200,1001720000500,0), SkillChange(1001720000300,1001720000500,0) || 10187 | states SkillChange(1001720000100,1001720000400,0), SkillChange(1001720000200,1001720000400,0), SkillChange(1001720000300,1001720000400,0) || 10183 | states SkillTreeMpCost(3,-1000,0), SkillTreeEnhance(3,500,0) | Lorsque l'utilisateur applique <color=#FAC800>Éclatement</color>, les effets <color=#64FAC8>[Insufflation de points de mana]</color> ou <color=#64FAC8>[Récupération de points de mana]</color> s'appliquent selon la quantité de PM restante. <BuffIcon,10185>Si les PM de l'utilisateur sont de <color=#FFDF7D>{TriggerOptionValue2,1} %</color> ou plus, l'effet est activé.\n\nLorsque l'utilisateur applique <color=#FAC800>Éclatement</color>, ses dégâts de compétence augmentent de <color=#FFDF7D>{Buff,10186,SpecialState1OptionValue2,0.01} %</color>, mais <color=#FFDF7D>{Buff,10186,SpecialState2OptionValue2,-0.01} %</color> de ses PM max sont consommés.</BuffIcon> <BuffIcon,10187>Si les PM de l'utilisateur sont de <color=#FFDF7D>{Buff,10184,TriggerOptionValue2} %</color> ou moins, l'effet est activé.\n\nL'utilisateur récupère <color=#FFDF7D>{Buff,10189,SpecialState1OptionValue2,0.01} %</color> de ses PM pour chaque cible touchée par <color=#FAC800>Éclatement</color>.</BuffIcon>","Lorsque Jinwoo réactive cette compétence au bon moment alors que l'énergie de feu est concentrée, une explosion supplémentaire se déclenche. Les dégâts de toutes ses compétences de combat passives de <color=#64FAC8>[Magicien élémentaire]</color> augmentent et sa consommation de MP diminue.",,0,,0,0,0,,0,,0,0,0,0,0,,buffs modifiés
Incinération,Incinération IV,1001720000301,1001720000300,1001720000301,1,4,NormalSkill,0,1.8899999856948853,0.0,0.0,35.0,291,0,"10185,10188,10187,10183","10185 | states SkillChange(1001720000100,1001720000500,0), SkillChange(1001720000200,1001720000500,0), SkillChange(1001720000300,1001720000500,0) || 10188 | states EnhanceElementValue(1,100,720) || 10187 | states SkillChange(1001720000100,1001720000400,0), SkillChange(1001720000200,1001720000400,0), SkillChange(1001720000300,1001720000400,0) || 10183 | states SkillTreeMpCost(3,-1000,0), SkillTreeEnhance(3,500,0) | Lorsque l'utilisateur applique <color=#FAC800>Éclatement</color>, les effets <color=#64FAC8>[Insufflation de points de mana]</color> ou <color=#64FAC8>[Récupération de points de mana]</color> s'appliquent selon la quantité de PM restante. <BuffIcon,10185>Si les PM de l'utilisateur sont de <color=#FFDF7D>{TriggerOptionValue2,1} %</color> ou plus, l'effet est activé.\n\nLorsque l'utilisateur applique <color=#FAC800>Éclatement</color>, ses dégâts de compétence augmentent de <color=#FFDF7D>{Buff,10186,SpecialState1OptionValue2,0.01} %</color>, mais <color=#FFDF7D>{Buff,10186,SpecialState2OptionValue2,-0.01} %</color> de ses PM max sont consommés.</BuffIcon> <BuffIcon,10187>Si les PM de l'utilisateur sont de <color=#FFDF7D>{Buff,10184,TriggerOptionValue2} %</color> ou moins, l'effet est activé.\n\nL'utilisateur récupère <color=#FFDF7D>{Buff,10189,SpecialState1OptionValue2,0.01} %</color> de ses PM pour chaque cible touchée par <color=#FAC800>Éclatement</color>.</BuffIcon>","Lorsque Jinwoo réactive cette compétence au bon moment alors que l'énergie de feu est concentrée, une explosion supplémentaire se déclenche. Les dégâts de toutes ses compétences de combat passives de <color=#64FAC8>[Magicien élémentaire]</color> augmentent et sa consommation de MP diminue.",,0,,0.11,6.17978,0,,0,,0,0,0,0,0,,DamAttCoeff: 0.11 (6.17978%); buffs modifiés
Destruction terrestre,Destruction terrestre I,1001725000001,1001725000000,1001725000001,1,1,NormalSkill,0,2.3299999237060547,0.0,0.0,31.0,258,0,1420000020,"1420000020 | stats PrecisionP=-3000, DamP=3000","Après avoir tournoyé dans les airs, Jinwoo frappe le sol avec force. Maintenez le bouton enfoncé pour prolonger son temps dans les airs.",,,,,,,,,,,,,,,,
Destruction terrestre,Destruction terrestre II,1001725000101,1001725000100,1001725000101,1,2,NormalSkill,0,2.3299999237060547,0.0,0.0,31.0,258,0,"1420000020,200010011001","1420000020 | stats PrecisionP=-3000, DamP=3000 || 200010011001","Lorsque cette compétence est utilisée, l'utilisateur obtient un <color=#64FAC8>[Bouclier]</color>.",,0,,0,0,0,,0,,0,0,0,0,0,,buffs modifiés
Destruction terrestre,Destruction terrestre III,1001725000201,1001725000200,1001725000201,1,3,NormalSkill,0,0.0,0.0,0.0,31.0,258,0,"1420000020,200010011001","1420000020 | stats PrecisionP=-3000, DamP=3000 || 200010011001","Lorsque Sung Jinwoo utilise cette compétence, il obtient un <color=#64FAC8>[Bouclier]</color> pendant un certain temps.",,0,,-2.33,-100,0,,0,,0,0,0,0,0,,DamAttCoeff: -2.33 (-100%)
Destruction terrestre,Destruction terrestre IV,1001725000301,1001725000300,1001725000301,1,4,NormalSkill,0,0.0,0.0,0.0,31.0,258,0,"200010011003,1420000020,200010011001","200010011003 | states SkillCast(1001828000000,0,0) || 1420000020 | stats PrecisionP=-3000, DamP=3000 || 200010011001","Lorsque Sung Jinwoo utilise cette compétence, il obtient un <color=#64FAC8>[Bouclier]</color> pendant un certain temps.",,0,,0,,0,,0,,0,0,0,0,0,,buffs modifiés
Charge explosive,Charge explosive I,1001735000001,1001735000000,1001735000001,1,1,NormalSkill,0,4.659999847412109,0.0,0.0,34.0,283,0,1420000020,"1420000020 | stats PrecisionP=-3000, DamP=3000",Jinwoo fonce vers l'avant et assène une frappe vers le bas à la cible.,,,,,,,,,,,,,,,,
Charge explosive,Charge explosive II,1001735000101,1001735000100,1001735000101,1,2,NormalSkill,0,7.059999942779541,0.0,0.0,34.0,283,0,1420000020,"1420000020 | stats PrecisionP=-3000, DamP=3000","Jinwoo fonce vers l'avant, concentre une énergie puissante et assène une frappe vers le bas.",,0,,2.4,51.5021,0,,0,,0,0,0,0,0,,DamAttCoeff: 2.4 (51.5021%)
Charge explosive,Charge explosive III,1001735000201,1001735000200,1001735000201,1,3,NormalSkill,0,7.059999942779541,0.0,0.0,34.0,283,0,"10167,10169,1420000020","10167 | stats PrecisionP=-3000 || 10169 | states CriticalRate(2000,735,0) | L'effet <color=#64FAC8>[Force d'orc]</color> s'applique également en cas de Coup critique réussi.\nAugmente les chance qu'<color=#FAC800>Épée longue d'orc</color> inflige un Coup critique de <color=#FFDF7D>{SpecialState1OptionValue1,0.01} %</color>. || 1420000020 | stats PrecisionP=-3000, DamP=3000","Les chances de coup critique de Jinwoo augmentent considérablement, et il inflige un puissant effet de déséquilibre à l'ennemi.",,0,,0,0,0,,0,,0,0,0,0,0,,buffs modifiés
Charge explosive,Charge explosive IV,1001735000301,1001735000300,1001735000301,1,4,NormalSkill,0,7.440000057220459,0.0,0.0,34.0,283,0,"10851,10167,10169,1420000020","10851 | states Invincible(100,0,0) || 10167 | stats PrecisionP=-3000 || 10169 | states CriticalRate(2000,735,0) | L'effet <color=#64FAC8>[Force d'orc]</color> s'applique également en cas de Coup critique réussi.\nAugmente les chance qu'<color=#FAC800>Épée longue d'orc</color> inflige un Coup critique de <color=#FFDF7D>{SpecialState1OptionValue1,0.01} %</color>. || 1420000020 | stats PrecisionP=-3000, DamP=3000","Les chances de coup critique de Jinwoo augmentent considérablement, et il inflige un puissant effet de déséquilibre à l'ennemi. Lorsque cette compétence est utilisée, Jinwoo bénéficie de l'effet <color=#64FAC8>[Immunité aux dégâts]</color>.",,0,,0.38,5.38244,0,,0,,0,0,0,0,0,,DamAttCoeff: 0.38 (5.38244%); buffs modifiés
Tonnerre ébranlé,Tonnerre ébranlé I,1001745000001,1001745000000,1001745000001,1,1,NormalSkill,0,0.0,0.0,0.0,24.0,200,0,,,Jinwoo frappe l'ennemi avec force. Maintenez le bouton enfoncé pour prolonger l'attaque.,,,,,,,,,,,,,,,,
Tonnerre ébranlé,Tonnerre ébranlé II,1001745000101,1001745000100,1001745000101,1,2,NormalSkill,0,0.0,0.0,0.0,24.0,200,0,1200191000,"1200191000 | states ReactionImmune(16,0,0) | Super armure",Jinwoo obtient <color=#64FAC8>[Super armure]</color> pendant l'utilisation de cette compétence.,,0,,0,,0,,0,,0,0,0,0,0,,buffs modifiés
Tonnerre ébranlé,Tonnerre ébranlé III,1001745000201,1001745000200,1001745000201,1,3,NormalSkill,0,0.0,0.0,0.0,24.0,200,0,"1200191000,200010012001","1200191000 | states ReactionImmune(16,0,0) | Super armure || 200010012001 | stats ArmPenP=1500",Jinwoo obtient <color=#64FAC8>[Super armure]</color> pendant l'utilisation de cette compétence.\nDéclenche l'effet <color=#64FAC8>[Pénétration de défense augmentée]</color> pendant l'utilisation de cette compétence.,,0,,0,,0,,0,,0,0,0,0,0,,buffs modifiés
Tonnerre ébranlé,Tonnerre ébranlé IV,1001745000301,1001745000300,1001745000301,1,4,NormalSkill,0,0.0,0.0,0.0,24.0,200,0,"1200191000,200010012001,200010012002","1200191000 | states ReactionImmune(16,0,0) | Super armure || 200010012001 | stats ArmPenP=1500 || 200010012002 | states IncreaseDamageByTargetSpecialState(745,20,6000), IncreaseDamageByTargetSpecialState(745,201,6000)",Jinwoo obtient <color=#64FAC8>[Super armure]</color> pendant l'utilisation de cette compétence.\nDéclenche l'effet <color=#64FAC8>[Pénétration de défense augmentée]</color> pendant l'utilisation de cette compétence.\nAugmente les dégâts infligés aux cibles déséquilibrées pendant l'utilisation de cette compétence.,,0,,0,,0,,0,,0,0,0,0,0,,buffs modifiés
Tir rapide de phénix,Tir rapide de phénix I,1001755010001,1001755010000,1001755010001,1,1,NormalSkill,0,0.0,0.0,0.0,38.0,316,0,,,"Après avoir tiré une flèche enflammée, Jinwoo concentre la puissance des flammes pour invoquer un phénix.",,,,,,,,,,,,,,,,
Tir rapide de phénix,Tir rapide de phénix II,1001755010101,1001755010100,1001755010101,1,2,NormalSkill,0,0.0,0.0,0.0,38.0,316,0,10770,10770,L'utilisation de <color=#FAC800>[Tir rapide de phénix]</color> augmente les dégâts d'<color=#E64B4B>[Embrasement]</color> pendant un certain temps.,,0,,0,,0,,0,,0,0,0,0,0,,buffs modifiés
Tir rapide de phénix,Tir rapide de phénix III,1001755010201,1001755010200,1001755010201,1,3,NormalSkill,0,0.0,0.0,0.0,38.0,316,0,10770,10770,L'utilisation de <color=#FAC800>[Tir rapide de phénix]</color> augmente les dégâts d'<color=#E64B4B>[Embrasement]</color> pendant un certain temps.\nLe nombre de phénix tirés avec <color=#FAC800>[Frappe en chaîne]</color> augmente.,,0,,0,,0,,0,,0,0,0,0,0,,
Tir rapide de phénix,Tir rapide de phénix IV,1001755010301,1001755010300,1001755010301,1,4,NormalSkill,0,0.0,0.0,0.0,38.0,316,0,"10770,10772",10770 || 10772,"L'utilisation de <color=#FAC800>[Tir rapide de phénix]</color> augmente les dégâts d'<color=#E64B4B>[Embrasement]</color> pendant un certain temps.\nLe nombre de phénix tirés avec <color=#FAC800>[Frappe en chaîne]</color> augmente.\nAprès l'utilisation de <color=#FAC800>[Tir rapide de phénix]</color>, les dégâts de la <color=#FAC800>[Frappe en chaîne]</color> de l'Âme de phénix augmentent pendant un certain temps.",,0,,0,,0,,0,,0,0,0,0,0,,buffs modifiés
Barrage d'aiguilles empoisonnées,Barrage d'aiguilles empoisonnées I,1001603000001,1001603000000,1001603000001,1,1,NormalSkill,0,1.6200000047683716,0.0,0.0,25.0,208,0,,,Jinwoo fait un saut en arrière et lance des aiguilles empoisonnées.,,,,,,,,,,,,,,,,
Barrage d'aiguilles empoisonnées,Barrage d'aiguilles empoisonnées II,1001603000101,1001603000100,1001603000101,1,2,NormalSkill,0,1.6399999856948853,0.0,0.0,25.0,208,0,,,"Si l'utilisateur est touché en plein air pendant l'utilisation de cette compétence, cela déclenche <color=#64FAC8>[Évasion extrême]</color>.",,0,,0.02,1.23457,0,,0,,0,0,0,0,0,,DamAttCoeff: 0.02 (1.23457%)
Barrage d'aiguilles empoisonnées,Barrage d'aiguilles empoisonnées III,1001603000201,1001603000200,1001603000201,1,3,NormalSkill,0,2.140000104904175,0.0,0.0,25.0,208,0,200010001001,"200010001001 | Poison mortel d'Arachné | stats AttFR=-1000 | states LevelDotDamage(6,4000,0)","Si l'utilisateur est touché en plein air pendant l'utilisation de cette compétence, cela déclenche <color=#64FAC8>[Évasion extrême]</color>.\nTraverser la zone toxique déclenche l'effet <color=#64FAC8>[Poison mortel d'Arachné]</color>.",,0,,0.5,30.4878,0,,0,,0,0,0,0,0,,DamAttCoeff: 0.5 (30.4878%); buffs modifiés
Feu destructeur,Feu destructeur I,1001604000001,1001604000000,1001604000001,1,1,NormalSkill,0,4.880000114440918,0.0,0.0,34.0,283,0,"200032003002,2999000804,200032003001,1420000020","200032003002 | states BreakModifier(2000,0,1) || 2999000804 | states MonsterGradeDamage(2,1000,0), MonsterGradeDamage(3,1000,0) || 200032003001 | states Invincible(100,0,0) || 1420000020 | stats PrecisionP=-3000, DamP=3000","Jinwoo bénéficie d'une <color=#64FAC8>[Immunité aux dégâts]</color> pendant l'utilisation de cette compétence.\nLorsque cette compétence touche sa cible, les dégâts de <color=#FF8741>[Déséquilibre]</color> subis augmentent pendant un certain temps.",,,,,,,,,,,,,,,,
Feu destructeur,Feu destructeur II,1001604000101,1001604000100,1001604000101,1,2,NormalSkill,0,4.880000114440918,0.0,0.0,34.0,283,0,"200032003002,200032003001,200032003003,1420000020","200032003002 | states BreakModifier(2000,0,1) || 200032003001 | states Invincible(100,0,0) || 200032003003 | states RemainHpDamageUp(6000,604,0) || 1420000020 | stats PrecisionP=-3000, DamP=3000","Jinwoo bénéficie d'une <color=#64FAC8>[Immunité aux dégâts]</color> pendant l'utilisation de cette compétence.\nLorsque cette compétence touche sa cible, les dégâts de <color=#FF8741>[Déséquilibre]</color> subis augmentent pendant un certain temps.\nPlus les PV de Jinwoo sont bas, plus sa rage s'intensifie, ce qui augmente les dégâts de <color=#FAC800>[Feu destructeur]</color>.",,0,,0,0,0,,0,,0,0,0,0,0,,buffs modifiés
Feu destructeur,Feu destructeur III,1001604000201,1001604000200,1001604000201,1,3,NormalSkill,0,4.880000114440918,0.0,0.0,34.0,283,0,"200032003002,200032003004,200032003001,200032003003,1420000020","200032003002 | states BreakModifier(2000,0,1) || 200032003004 | states EnhanceSkillDamageFix(604,12000,1) || 200032003001 | states Invincible(100,0,0) || 200032003003 | states RemainHpDamageUp(6000,604,0) || 1420000020 | stats PrecisionP=-3000, DamP=3000","Jinwoo bénéficie d'une <color=#64FAC8>[Immunité aux dégâts]</color> pendant l'utilisation de cette compétence.\nLorsque cette compétence touche sa cible, les dégâts de <color=#FF8741>[Déséquilibre]</color> subis augmentent pendant un certain temps.\nPlus les PV de Jinwoo sont bas, plus sa rage s'intensifie, ce qui augmente les dégâts de <color=#FAC800>[Feu destructeur]</color>.\nLorsque sa frappe descendante touche la cible, les dégâts de Météorite augmentent.",,0,,0,0,0,,0,,0,0,0,0,0,,buffs modifiés
Énergie d'épée à 3 millions de wons,Énergie d'épée à 3 millions de wons I,1001605000001,1001605000000,1001605000001,1,1,NormalSkill,0,3.180000066757202,0.0,0.0,23.0,191,0,,,Jinwoo donne une entaille rapide dans la direction qu'il regarde.,,,,,,,,,,,,,,,,
Énergie d'épée à 3 millions de wons,Énergie d'épée à 3 millions de wons II,1001605000101,1001605000100,1001605000101,1,2,NormalSkill,0,3.180000066757202,0.0,0.0,23.0,191,0,200010002001,200010002001,"Lorsque Jinwoo utilise cette compétence, les effets <color=#64FAC8>[Attaque augmentée]</color> et <color=#64FAC8>[Défense augmentée]</color> sont déclenchés.",,0,,0,0,0,,0,,0,0,0,0,0,,buffs modifiés
Énergie d'épée à 3 millions de wons,Énergie d'épée à 3 millions de wons III,1001605000201,1001605000200,1001605000201,1,3,NormalSkill,0,4.639999866485596,0.0,0.0,23.0,191,0,200010002001,200010002001,"Lorsque Jinwoo utilise cette compétence, les effets <color=#64FAC8>[Attaque augmentée]</color> et <color=#64FAC8>[Défense augmentée]</color> sont déclenchés.",,0,,1.46,45.9119,0,,0,,0,0,0,0,0,,DamAttCoeff: 1.46 (45.9119%)
Tueur de marcheurs blancs,Tueur de marcheurs blancs III,1001606010201,1001606010200,1001606010201,1,3,NormalSkill,0,2.380000114440918,0.0,0.0,22.0,183,0,,,,,,,,,,,,,,,,,,,
Tueur de marcheurs blancs,Tueur de marcheurs blancs IV,1001606010301,1001606010300,1001606010301,1,4,NormalSkill,0,2.380000114440918,0.0,0.0,22.0,183,0,,,,,0,,0,0,0,,0,,0,0,0,0,0,,
Tueur de marcheurs blancs,Tueur de marcheurs blancs V,1001606010401,1001606010400,1001606010401,1,5,NormalSkill,0,2.5899999141693115,0.0,0.0,22.0,183,0,,,,,0,,0.21,8.82352,0,,0,,0,0,0,0,0,,DamAttCoeff: 0.21 (8.82352%)
Chasse à mort,Chasse à mort I,1001607000001,1001607000000,1001607000001,1,1,NormalSkill,0,2.880000114440918,0.0,0.0,27.0,225,0,200010003001,"200010003001 | states DamageByDistance(5,-2000,607), EnhanceSkillDamage(607,2000,1)","Plus Jinwoo est éloigné de l'ennemi, plus <color=#FAC800>[Chasse à mort]</color> inflige de dégâts ; à l'inverse, ses dégâts diminuent à courte portée.",,,,,,,,,,,,,,,,
Chasse à mort,Chasse à mort II,1001607000101,1001607000100,1001607000101,1,2,NormalSkill,0,2.880000114440918,0.0,0.0,27.0,225,0,"200010003001,200010003002","200010003001 | states DamageByDistance(5,-2000,607), EnhanceSkillDamage(607,2000,1) || 200010003002","Plus Jinwoo est éloigné de l'ennemi, plus <color=#FAC800>[Chasse à mort]</color> inflige de dégâts ; à l'inverse, ses dégâts diminuent à courte portée. Lorsqu'il enchaîne les frappes, un effet <color=#64FAC8>[Flux]</color> augmentant progressivement l'Attaque s'active pendant un certain temps. Plus il réussit de coups consécutifs, plus la durée de l'effet <color=#64FAC8>[Flux]</color> s'allonge.",,0,,0,0,0,,0,,0,0,0,0,0,,buffs modifiés
Chasse à mort,Chasse à mort III,1001607000401,1001607000400,1001607000401,1,3,NormalSkill,0,3.049999952316284,0.0,0.0,27.0,225,0,"200010003001,200010003005","200010003001 | states DamageByDistance(5,-2000,607), EnhanceSkillDamage(607,2000,1) || 200010003005","Plus Jinwoo est éloigné de l'ennemi, plus <color=#FAC800>[Chasse à mort]</color> inflige de dégâts ; à l'inverse, ses dégâts diminuent à courte portée. Lorsqu'il enchaîne les frappes, un effet <color=#64FAC8>[Flux]</color> augmentant progressivement l'Attaque s'active pendant un certain temps. Plus il réussit de coups consécutifs, plus la durée de l'effet <color=#64FAC8>[Flux]</color> s'allonge. L'effet de <color=#64FAC8>[Flux]</color> est grandement amélioré, ce qui facilite son activation.",,0,,0.17,5.90277,0,,0,,0,0,0,0,0,,DamAttCoeff: 0.17 (5.90277%); buffs modifiés
Bourrasque glaciale,Bourrasque glaciale I,1001629000001,1001629000000,1001629000001,1,1,NormalSkill,0,5.190000057220459,0.0,0.0,35.0,291,0,,,Jinwoo attaque l'ennemi avec une tempête glacée provenant de son épée.,,,,,,,,,,,,,,,,
Bourrasque glaciale,Bourrasque glaciale II,1001629000101,1001629000100,1001629000101,1,2,NormalSkill,0,5.190000057220459,0.0,0.0,35.0,291,0,"200020006003,200020006011",200020006003 || 200020006011,"<color=#64FAC8>[Gel]</color> se déclenche lorsque cette compétence touche sa cible.\nLorsque Jinwoo utilise cette compétence, les <color=#64FAC8>[dégâts infligés aux monstres normaux]</color> augmentent.",,0,,0,0,0,,0,,0,0,0,0,0,,buffs modifiés
Bourrasque glaciale,Bourrasque glaciale III,1001629000201,1001629000200,1001629000201,1,3,NormalSkill,0,0.0,0.0,0.0,27.0,291,0,200020006011,200020006011,"<color=#64FAC8>[Gel]</color> se déclenche lorsque cette compétence touche sa cible.\nLorsque Jinwoo utilise cette compétence, les <color=#64FAC8>[dégâts infligés aux monstres normaux]</color> augmentent.",,0,,-5.19,-100,0,,0,,-8,-22.8571,0,0,0,,DamAttCoeff: -5.19 (-100%); Cooldown: -8 (-22.8571%); buffs modifiés
Faucon du jugement,Faucon du jugement I,1001639000001,1001639000000,1001639000001,1,1,NormalSkill,0,2.6600000858306885,0.0,0.0,27.0,225,0,200020007001,"200020007001 | states SkillChange(1001101000000,1001406000100,0)","Jinwoo se déplace avec agilité tout en déchaînant une rafale d'attaques contre les ennemis proches.\nLa compétence <color=#FAC800>[Attaque de combo de ruée]</color> lui permet de glisser rapidement tout en attaquant plusieurs fois, puis de se décaler aussitôt pour sa prochaine attaque.",,,,,,,,,,,,,,,,
Faucon du jugement,Faucon du jugement II,1001639000301,1001639000300,1001639000301,1,2,NormalSkill,0,2.6600000858306885,0.0,0.0,27.0,225,0,"200020007002,200020007007","200020007002 | states SkillChange(1001101000000,1001406000400,0) || 200020007007","La durée d'Évasion extrême d'<color=#FAC800>[Attaque de combo de ruée]</color> augmente significativement et, lorsqu'Évasion extrême est utilisée, le temps de rechargement de <color=#FAC800>[Faucon du jugement]</color> est réduit de <color=#FFDF7D>2 secondes</color>.",,0,,0,0,0,,0,,0,0,0,0,0,,buffs modifiés
Faucon du jugement,Faucon du jugement III,1001639000601,1001639000600,1001639000601,1,3,NormalSkill,0,2.809999942779541,0.0,0.0,27.0,225,0,"200020007005,200020007008,200020007006","200020007005 | states BodyStop(30,0,0) || 200020007008 | states SkillChange(1001101000000,1001406000700,0) || 200020007006","La durée d'Évasion extrême d'une <color=#FAC800>[Attaque de combo de ruée]</color> augmente significativement et, lorsqu'Évasion extrême est utilisée, elle réduit le temps de rechargement de <color=#FAC800>[Faucon du jugement]</color> de <color=#FFDF7D>2 secondes</color>. Les dégâts de l'utilisateur augmentent aussi significativement pendant une courte période, et les ennemis touchés subissent l'effet <color=#64FAC8>[Paralysie]</color>.",,0,,0.15,5.63909,0,,0,,0,0,0,0,0,,DamAttCoeff: 0.15 (5.63909%); buffs modifiés
Rémanence,Rémanence I,1001653000001,1001653000000,1001653000001,1,1,NormalSkill,0,2.819999933242798,0.0,0.0,22.0,183,0,,,"Si Jinwoo utilise cette compétence juste après avoir changé d'arme, l'effet <color=#64FAC8>[Foudre]</color> l'entoure pendant un court instant, augmentant fortement son Taux de coup critique.",,,,,,,,,,,,,,,,
Rémanence,Rémanence II,1001653000101,1001653000100,1001653000101,1,2,NormalSkill,0,2.819999933242798,0.0,0.0,22.0,183,0,10292,10292,"Si Jinwoo utilise cette compétence juste après avoir changé d'arme, l'effet <color=#64FAC8>[Foudre]</color> l'entoure pendant un certain temps, augmentant fortement son Taux de coup critique. Les cibles touchées par la foudre subissent également l'effet <color=#64FAC8>[Paralysie]</color> pendant un court instant.",,0,,0,0,0,,0,,0,0,0,0,0,,buffs modifiés
Rémanence,Rémanence III,1001653000201,1001653000200,1001653000201,1,3,NormalSkill,0,5.989999771118164,0.0,0.0,22.0,183,0,10294,10294,"Si Jinwoo utilise cette compétence juste après avoir changé d'arme, l'effet <color=#64FAC8>[Foudre]</color> l'entoure pendant un certain temps, augmentant fortement son Taux de coup critique. Les cibles touchées par la foudre subissent également l'effet <color=#64FAC8>[Paralysie]</color> pendant un certain temps.",,0,,3.17,112.411,0,,0,,0,0,0,0,0,,DamAttCoeff: 3.17 (112.411%); buffs modifiés
Transpercement de lézard,Transpercement de lézard I,1001658000001,1001658000000,1001658000001,1,1,NormalSkill,0,3.240000009536743,0.0,0.0,29.0,241,0,1420000021,"1420000021 | stats PrecisionP=1200, DamP=-800","Jinwoo rassemble ses forces et plante sa lance dans le sol, déclenchant une explosion qui jaillit vers le haut.",,,,,,,,,,,,,,,,
Transpercement de lézard,Transpercement de lézard II,1001658000101,1001658000100,1001658000101,1,2,NormalSkill,0,3.240000009536743,0.0,0.0,29.0,241,0,"1420000021,200010006001","1420000021 | stats PrecisionP=1200, DamP=-800 || 200010006001","Lorsque la troisième <color=#FAC800>[Attaque de base]</color> de l'utilisateur touche sa cible, elle augmente les dégâts de <color=#FAC800>[Transpercement de lézard]</color>",,0,,0,0,0,,0,,0,0,0,0,0,,buffs modifiés
Transpercement de lézard,Transpercement de lézard III,1001658000201,1001658000200,1001658000201,1,3,NormalSkill,0,5.670000076293945,0.0,0.0,29.0,241,0,"1420000021,200010006001","1420000021 | stats PrecisionP=1200, DamP=-800 || 200010006001","Lorsque la troisième <color=#FAC800>[Attaque de base]</color> de l'utilisateur touche sa cible, elle augmente les dégâts de <color=#FAC800>[Transpercement de lézard]</color>",,0,,2.43,75,0,,0,,0,0,0,0,0,,DamAttCoeff: 2.43 (75%)
Récolte d'esprits,Récolte d'esprits I,1001696000001,1001696000000,1001696000001,1,1,NormalSkill,0,1.1399999856948853,0.0,0.0,29.0,241,0,"200020005101,1420000021","200020005101 | states ReactionImmune(16,0,0) || 1420000021 | stats PrecisionP=1200, DamP=-800",Jinwoo obtient <color=#64FAC8>[Super armure]</color> en appuyant longuement sur ce bouton.,,,,,,,,,,,,,,,,
Récolte d'esprits,Récolte d'esprits II,1001696000101,1001696000100,1001696000101,1,2,NormalSkill,0,1.1399999856948853,0.0,0.0,29.0,241,0,"200020005101,200020005102,1420000021","200020005101 | states ReactionImmune(16,0,0) || 200020005102 | states CriticalRate(1500,696,0), CriticalDamage(5000,696,0) || 1420000021 | stats PrecisionP=1200, DamP=-800",Jinwoo obtient <color=#64FAC8>[Super armure]</color> en appuyant longuement sur ce bouton.\nAugmente les Dégâts de coup critique et le Taux de coup critique de <color=#FAC800>[Récolte d'esprits]</color>.,,0,,0,0,0,,0,,0,0,0,0,0,,buffs modifiés
Récolte d'esprits,Récolte d'esprits III,1001696000201,1001696000200,1001696000201,1,3,NormalSkill,0,1.7599999904632568,0.0,0.0,29.0,241,0,"200020005101,200020005102,1420000021","200020005101 | states ReactionImmune(16,0,0) || 200020005102 | states CriticalRate(1500,696,0), CriticalDamage(5000,696,0) || 1420000021 | stats PrecisionP=1200, DamP=-800",Jinwoo obtient <color=#64FAC8>[Super armure]</color> en appuyant longuement sur ce bouton.\nAugmente les Dégâts de coup critique et le Taux de coup critique de <color=#FAC800>[Récolte d'esprits]</color>.,,0,,0.62,54.386,0,,0,,0,0,0,0,0,,DamAttCoeff: 0.62 (54.386%)
Récolte d'esprits,Récolte d'esprits I,1001696010001,1001696010000,1001696010001,1,1,NormalSkill,0,8.039999961853027,0.0,0.0,0.0,0,0,"200020005101,1420000021","200020005101 | states ReactionImmune(16,0,0) || 1420000021 | stats PrecisionP=1200, DamP=-800",,,,,,,,,,,,,,,,,
Récolte d'esprits,Récolte d'esprits II,1001696010101,1001696010100,1001696010101,1,2,NormalSkill,0,8.039999961853027,0.0,0.0,0.0,0,0,"200020005101,200020005102,1420000021","200020005101 | states ReactionImmune(16,0,0) || 200020005102 | states CriticalRate(1500,696,0), CriticalDamage(5000,696,0) || 1420000021 | stats PrecisionP=1200, DamP=-800",,,0,,0,0,0,,0,,0,,0,,0,,buffs modifiés
Récolte d'esprits,Récolte d'esprits III,1001696010201,1001696010200,1001696010201,1,3,NormalSkill,0,12.350000381469727,0.0,0.0,0.0,0,0,"200020005101,200020005102,1420000021","200020005101 | states ReactionImmune(16,0,0) || 200020005102 | states CriticalRate(1500,696,0), CriticalDamage(5000,696,0) || 1420000021 | stats PrecisionP=1200, DamP=-800",,,0,,4.31,53.607,0,,0,,0,,0,,0,,DamAttCoeff: 4.31 (53.607%)
Récolte d'esprits,Récolte d'esprits I,1001696020001,1001696020000,1001696020001,1,1,NormalSkill,0,2.2899999618530273,0.0,0.0,0.0,0,0,"200020005101,1420000021","200020005101 | states ReactionImmune(16,0,0) || 1420000021 | stats PrecisionP=1200, DamP=-800",,,,,,,,,,,,,,,,,
Récolte d'esprits,Récolte d'esprits II,1001696020101,1001696020100,1001696020101,1,2,NormalSkill,0,2.2899999618530273,0.0,0.0,0.0,0,0,"200020005101,200020005102,1420000021","200020005101 | states ReactionImmune(16,0,0) || 200020005102 | states CriticalRate(1500,696,0), CriticalDamage(5000,696,0) || 1420000021 | stats PrecisionP=1200, DamP=-800",,,0,,0,0,0,,0,,0,,0,,0,,buffs modifiés
Récolte d'esprits,Récolte d'esprits III,1001696020201,1001696020200,1001696020201,1,3,NormalSkill,0,3.5299999713897705,0.0,0.0,0.0,0,0,"200020005101,200020005102,1420000021","200020005101 | states ReactionImmune(16,0,0) || 200020005102 | states CriticalRate(1500,696,0), CriticalDamage(5000,696,0) || 1420000021 | stats PrecisionP=1200, DamP=-800",,,0,,1.24,54.1485,0,,0,,0,,0,,0,,DamAttCoeff: 1.24 (54.1485%)
Éclair final,Éclair final I,1001716000001,1001716000000,1001716000001,1,1,NormalSkill,0,5.360000133514404,0.0,0.0,26.0,216,0,"200030001001,200030001003","200030001001 | states LevelDotDamage(90,4000,0) || 200030001003 | states Invincible(100,0,0)","Jinwoo bénéficie d'une <color=#64FAC8>[Immunité aux dégâts]</color> pendant l'utilisation de cette compétence.\nLorsque cette compétence touche sa cible, cela déclenche l'effet <color=#64FAC8>[Électrocution]</color> sur cette dernière.",,,,,,,,,,,,,,,,
Éclair final,Éclair final II,1001716000101,1001716000100,1001716000101,1,2,NormalSkill,0,5.360000133514404,0.0,0.0,26.0,216,0,"200030001001,200030001002,200030001003","200030001001 | states LevelDotDamage(90,4000,0) || 200030001002 | states IncreaseDamageByTargetBuff(716,200030001001,9000) || 200030001003 | states Invincible(100,0,0)","Jinwoo bénéficie d'une <color=#64FAC8>[Immunité aux dégâts]</color> pendant l'utilisation de cette compétence.\nLorsque cette compétence touche sa cible, cela déclenche l'effet <color=#64FAC8>[Électrocution]</color> sur cette dernière.\nAugmente les dégâts d'<color=#FAC800>[Éclair final]</color> infligés aux cibles affectées par l'effet <color=#64FAC8>[Électrocution]</color>.",,0,,0,0,0,,0,,0,0,0,0,0,,buffs modifiés
Éclair final,Éclair final III,1001716000201,1001716000200,1001716000201,1,3,NormalSkill,0,5.360000133514404,0.0,0.0,26.0,216,0,"200030001001,200030001002,200030001003","200030001001 | states LevelDotDamage(90,4000,0) || 200030001002 | states IncreaseDamageByTargetBuff(716,200030001001,9000) || 200030001003 | states Invincible(100,0,0)","Jinwoo bénéficie d'une <color=#64FAC8>[Immunité aux dégâts]</color> pendant l'utilisation de cette compétence.\nLorsque cette compétence touche sa cible, cela déclenche l'effet <color=#64FAC8>[Électrocution]</color> sur cette dernière.\nAugmente les dégâts d'<color=#FAC800>[Éclair final]</color> infligés aux cibles affectées par l'effet <color=#64FAC8>[Électrocution]</color>.",,0,,0,0,0,,0,,0,0,0,0,0,,
Yeux luisants,Yeux luisants I,1001740000001,1001740000000,1001740000001,1,1,NormalSkill,0,2.930000066757202,0.0,0.0,35.0,291,0,,,"Le cube tire un canon laser depuis les airs, provoquant une détonation au sol.",,,,,,,,,,,,,,,,
Yeux luisants,Yeux luisants II,1001740000101,1001740000100,1001740000101,1,2,NormalSkill,0,3.0899999141693115,0.0,0.0,35.0,291,0,,,"Lorsque le sol explose, une seconde détonation se produit aléatoirement pendant un certain temps.",,0,,0.16,5.46075,0,,0,,0,0,0,0,0,,DamAttCoeff: 0.16 (5.46075%)
Yeux luisants,Yeux luisants III,1001740000201,1001740000200,1001740000201,1,3,NormalSkill,0,3.0899999141693115,0.0,0.0,35.0,291,0,200010010001,"200010010001 | states ChangeDamageOnElementType(1,27,0)","Lors d'une explosion, une seconde détonation se produit aléatoirement pendant un certain temps.\nLes cibles touchées par cette détonation subissent davantage de dégâts de <color=#FAC800>[lumière]</color>.",,0,,0,0,0,,0,,0,0,0,0,0,,buffs modifiés
Tonnerre ébranlé,Tonnerre ébranlé II,1001745010101,1001745010100,1001745010101,1,2,NormalSkill,0,2.1600000858306885,0.0,0.0,0.0,0,0,1200191000,"1200191000 | states ReactionImmune(16,0,0) | Super armure",,,,,,,,,,,,,,,,,
Tonnerre ébranlé,Tonnerre ébranlé III,1001745010201,1001745010200,1001745010201,1,3,NormalSkill,0,2.2200000286102295,0.0,0.0,0.0,0,0,"1200191000,200010012001","1200191000 | states ReactionImmune(16,0,0) | Super armure || 200010012001 | stats ArmPenP=1500",,,0,,0.0599999,2.77778,0,,0,,0,,0,,0,,DamAttCoeff: 0.0599999 (2.77778%); buffs modifiés
Tonnerre ébranlé,Tonnerre ébranlé IV,1001745010301,1001745010300,1001745010301,1,4,NormalSkill,0,3.549999952316284,0.0,0.0,0.0,0,0,"1200191000,200010012001,200010012002","1200191000 | states ReactionImmune(16,0,0) | Super armure || 200010012001 | stats ArmPenP=1500 || 200010012002 | states IncreaseDamageByTargetSpecialState(745,20,6000), IncreaseDamageByTargetSpecialState(745,201,6000)",,,0,,1.33,59.9099,0,,0,,0,,0,,0,,DamAttCoeff: 1.33 (59.9099%); buffs modifiés
Tonnerre ébranlé,Tonnerre ébranlé II,1001745020101,1001745020100,1001745020101,1,2,NormalSkill,0,0.5400000214576721,0.0,0.0,0.0,0,0,1200191000,"1200191000 | states ReactionImmune(16,0,0) | Super armure",,,,,,,,,,,,,,,,,
Tonnerre ébranlé,Tonnerre ébranlé III,1001745020201,1001745020200,1001745020201,1,3,NormalSkill,0,0.550000011920929,0.0,0.0,0.0,0,0,"1200191000,200010012001","1200191000 | states ReactionImmune(16,0,0) | Super armure || 200010012001 | stats ArmPenP=1500",,,0,,0.00999999,1.85185,0,,0,,0,,0,,0,,DamAttCoeff: 0.00999999 (1.85185%); buffs modifiés
Tonnerre ébranlé,Tonnerre ébranlé IV,1001745020301,1001745020300,1001745020301,1,4,NormalSkill,0,0.8799999952316284,0.0,0.0,0.0,0,0,"1200191000,200010012001,200010012002","1200191000 | states ReactionImmune(16,0,0) | Super armure || 200010012001 | stats ArmPenP=1500 || 200010012002 | states IncreaseDamageByTargetSpecialState(745,20,6000), IncreaseDamageByTargetSpecialState(745,201,6000)",,,0,,0.33,60,0,,0,,0,,0,,0,,DamAttCoeff: 0.33 (60%); buffs modifiés
Rédemption de la Terre,Rédemption de la Terre I,1001839000001,1001839000000,1001839000001,1,1,NormalSkill,0,0.0,0.0,0.0,34.0,283,0,1420000020,"1420000020 | stats PrecisionP=-3000, DamP=3000","Lorsque l'<color=#FAC800>[Attaque de base]</color> de Jinwoo touche un allié, il récupère une petite quantité de PV.",,,,,,,,,,,,,,,,
Rédemption de la Terre,Rédemption de la Terre II,1001839000201,1001839000200,1001839000201,1,2,NormalSkill,0,0.0,0.0,0.0,34.0,283,0,1420000020,"1420000020 | stats PrecisionP=-3000, DamP=3000","Lorsque l'<color=#FAC800>[Attaque de base]</color> de Jinwoo touche un allié, il récupère une petite quantité de PV. Lors de l'utilisation de cette compétence, il obtient un grand <color=#64FAC8>[Bouclier]</color>. Lorsqu'il entame un combat, les dégâts subis par Sung Jinwoo diminuent considérablement.",,0,,0,,0,,0,,0,0,0,0,0,,
Rédemption de la Terre,Rédemption de la Terre III,1001839000401,1001839000400,1001839000401,1,3,NormalSkill,0,0.0,0.0,0.0,34.0,283,0,"200030019005,1420000020","200030019005 || 1420000020 | stats PrecisionP=-3000, DamP=3000","Lorsque l'<color=#FAC800>[Attaque de base]</color> de Jinwoo touche un allié, il récupère une petite quantité de PV. Lors de l'utilisation de cette compétence, il obtient un grand <color=#64FAC8>[Bouclier]</color>. Lorsqu'il entame un combat, les dégâts subis par Sung Jinwoo diminuent considérablement.",,0,,0,,0,,0,,0,0,0,0,0,,buffs modifiés
Rage obscure,Rage obscure I,1001843000001,1001843000000,1001843000001,1,1,NormalSkill,0,4.090000152587891,0.0,0.0,34.0,283,0,,,SkillDesc02.SungJinWoo_GS_RoarOfEnnio_C,,,,,,,,,,,,,,,,
Rage obscure,Rage obscure II,1001843000101,1001843000100,1001843000101,1,2,NormalSkill,0,4.090000152587891,0.0,0.0,34.0,283,0,200011000001,200011000001 | temp//적에게 적용 | stats DamReduP=-800,"Lorsque <color=#FAC800>[Rage obscure]</color>, <color=#FAC800>[Frappe en chaîne]</color> ou <color=#FAC800>[Attaque lourde : Attaque niveau 2]</color> touche une cible, elle subit temporairement <color=#64FAC8>[Flamme noire]</color>.\n<color=#64FAC8>[Flamme noire]</color> : augmente légèrement les dégâts subis.",,0,,0,0,0,,0,,0,0,0,0,0,,buffs modifiés
Rage obscure,Rage obscure III,1001843000201,1001843000200,1001843000201,1,3,NormalSkill,0,0.0,0.0,0.0,34.0,283,0,"200011000201,200011000202,200011000203",200011000201 | temp//성진우에게 적용 || 200011000202 | temp//성진우에게 적용 || 200011000203 | temp//성진우에게 적용,"Lorsque <color=#FAC800>[Rage obscure]</color>, <color=#FAC800>[Frappe en chaîne]</color> ou <color=#FAC800>[Attaque lourde : Attaque niveau 2]</color> touche une cible, elle subit temporairement <color=#64FAC8>[Flamme noire]</color>.\n<color=#64FAC8>[Flamme noire]</color> : augmente légèrement les dégâts subis.\n\n<color=#FAC800>[Rage obscure]</color> se transforme en compétence à effet de charge, augmentant ses dégâts proportionnellement au temps de charge.\nL'utilisation de <color=#FAC800>[Rage obscure]</color> disperse des flammes noires autour de l'utilisateur, infligeant les effets <color=#64FAC8>[Flamme noire]</color> et des dégâts.\nInfliger de nouveau <color=#64FAC8>[Flamme noire]</color> à la cible invoque un météore qui s'abat sur elle, inflige des dégâts et dissipe tous les effets <color=#64FAC8>[Flamme noire]</color> existants de la cible.",,0,,-4.09,-100,0,,0,,0,0,0,0,0,,DamAttCoeff: -4.09 (-100%); buffs modifiés
Apocalypse,Apocalypse I,1001851000001,1001851000000,1001851000001,1,1,NormalSkill,0,4.090000152587891,0.0,0.0,30.0,250,0,"200030024001,200030024101",200030024001 || 200030024101,Consomme des PM supplémentaires pour activer <color=#FAC800>[Frappe en chaîne : Attaque niveau 2]</color>.,,,,,,,,,,,,,,,,
Apocalypse,Apocalypse II,1001851000101,1001851000100,1001851000101,1,2,NormalSkill,0,4.090000152587891,0.0,0.0,30.0,250,0,"200030024204,200030024001,200030024101,200030024201",200030024204 | stats ArmPenP=1000 || 200030024001 || 200030024101 || 200030024201,Consomme des PM supplémentaires pour activer <color=#FAC800>[Frappe en chaîne : Attaque niveau 2]</color>.\nAugmente la Pénétration de défense d'<color=#FAC800>[Apocalypse]</color> et <color=#FAC800>[Frappe en chaîne]</color>.,,0,,0,0,0,,0,,0,0,0,0,0,,buffs modifiés
Apocalypse,Apocalypse III,1001851000201,1001851000200,1001851000201,1,3,NormalSkill,0,4.090000152587891,0.0,0.0,30.0,250,0,"200030024204,200030024001,200030024003,200030024101,200030024201",200030024204 | stats ArmPenP=1000 || 200030024001 || 200030024003 || 200030024101 || 200030024201,"Consomme des PM supplémentaires pour activer <color=#FAC800>[Frappe en chaîne : Attaque niveau 2]</color>.\nAugmente la Pénétration de défense d'<color=#FAC800>[Apocalypse]</color> et <color=#FAC800>[Frappe en chaîne]</color>.\n\nLa réactivation de la compétence pendant l'utilisation d'<color=#FAC800>[Apocalypse]</color> fait bondir Jinwoo en arrière et tire une balle spéciale supplémentaire. Ensuite, <color=#FAC800>[Frappe en chaîne]</color> est améliorée, augmentant temporairement la consommation de PM et la distance de recul, mais aussi les dégâts infligés.",,0,,0,0,0,,0,,0,0,0,0,0,,buffs modifiés
Chasse à mort,Chasse à mort I,1001607010001,1001607010000,1001607010001,1,1,NormalSkill,0,0.0,0.0,0.0,0.0,0,0,,,Dégâts : {DamAttCoeff01} de l'Attaque de Jinwoo\nTemps de rechargement : {Cooldown}\nConsommation de PM : {MPCon01}\nInflige des dégâts élémentaires de <color=#FAC800>lumière</color>.,,,,,,,,,,,,,,,,
Chasse à mort,Chasse à mort III,1001607010501,1001607010500,1001607010501,1,3,NormalSkill,0,0.0,0.0,0.0,0.0,0,0,,,Dégâts : {DamAttCoeff01} de l'Attaque de Jinwoo\nTemps de rechargement : {Cooldown}\nConsommation de PM : {MPCon01}\nInflige des dégâts élémentaires de <color=#FAC800>lumière</color>.,,0,,0,,0,,0,,0,,0,,0,,
Fleur de prunier : Vol prompt,Fleur de prunier : Vol prompt I,1001608000001,1001608000000,1001608000001,1,1,NormalSkill,0,4.960000038146973,0.0,0.0,26.0,216,0,"1200191000,200030005001,200030005003,200030005006","1200191000 | states ReactionImmune(16,0,0) | Super armure || 200030005001 || 200030005003 || 200030005006","Lorsque Jinwoo utilise <color=#FAC800>[Ruée]</color> au bon moment après avoir lancé <color=#FAC800>[Frappe en chaîne]</color>, il crée des <color=#FAC800>[Fleur de prunier : Illusion]</color> autour de lui, infligeant des dégâts supplémentaires aux ennemis.\nLorsqu'il utilise <color=#FAC800>[Frappe en chaîne]</color>, cela active l'effet <color=#64FAC8>[Éclosion]</color>.\n\n<color=#64FAC8>[Éclosion]</color>\nLes dégâts de <color=#FAC800>[Fleur de prunier : Vol prompt]</color> augmentent fortement pendant un certain temps.\nLe temps de rechargement de <color=#FAC800>[Fleur de prunier Vol prompt]</color> est légèrement réduit.",,,,,,,,,,,,,,,,
Fleur de prunier : Vol prompt,Fleur de prunier : Vol prompt II,1001608000101,1001608000100,1001608000101,1,2,NormalSkill,0,5.039999961853027,0.0,0.0,26.0,216,0,"1200191000,200030005011,200030005001,200030005014,200030005006,200030005012","1200191000 | states ReactionImmune(16,0,0) | Super armure || 200030005011 | states SkillChange(1001608000100,1001608000200,0) || 200030005001 || 200030005014 || 200030005006 || 200030005012","Lorsque Jinwoo utilise <color=#FAC800>[Ruée]</color> au bon moment après avoir lancé <color=#FAC800>[Frappe en chaîne]</color>, il crée des <color=#FAC800>[Fleur de prunier : Illusion]</color> autour de lui, infligeant des dégâts supplémentaires aux ennemis.\nLorsqu'il utilise <color=#FAC800>[Frappe en chaîne]</color>, cela active l'effet <color=#64FAC8>[Éclosion]</color>.\n\n<color=#64FAC8>[Éclosion]</color>\nLes dégâts de <color=#FAC800>[Fleur de prunier : Vol prompt]</color> augmentent fortement pendant un certain temps.\nLe temps de rechargement de <color=#FAC800>[Fleur de prunier Vol prompt]</color> est légèrement réduit.",,0,,0.0799999,1.6129,0,,0,,0,0,0,0,0,,DamAttCoeff: 0.0799999 (1.6129%); buffs modifiés
Balle secrète,Balle secrète I,1001701000001,1001701000000,1001701000001,1,1,NormalSkill,0,4.409999847412109,0.0,0.0,30.0,250,0,200020010001,"200020010001 | states DamageByDistance(5,-6000,701), EnhanceSkillDamage(701,6000,1)","Quand <color=#FAC800>[Balle secrète]</color> touche une cible sans aucun autre ennemi dans un rayon de <color=#FFDF7D>5 m</color>, les dégâts de Jinwoo augmentent.",,,,,,,,,,,,,,,,
Balle secrète,Balle secrète III,1001701000201,1001701000200,1001701000201,1,3,NormalSkill,0,0.0,0.0,0.0,30.0,250,0,"200020010001,200020010002,30014019","200020010001 | states DamageByDistance(5,-6000,701), EnhanceSkillDamage(701,6000,1) || 200020010002 || 30014019 | states EnhanceKeyHoldSkillDamage(4000,1,0)","Quand <color=#FAC800>[Balle secrète]</color> touche une cible sans aucun autre ennemi dans un rayon de <color=#FFDF7D>5 m</color>, les dégâts de la compétence augmentent.\nQuand <color=#FAC800>[Balle secrète]</color> inflige un coup critique, les dégâts de la compétence augmentent <color=#b0c6db>(cumulable jusqu'à 10 fois)</color>.",,0,,-4.41,-100,0,,0,,0,0,0,0,0,,DamAttCoeff: -4.41 (-100%); buffs modifiés
Anneau mortel,Anneau mortel I,1001711000001,1001711000000,1001711000001,1,1,NormalSkill,0,1.4900000095367432,0.0,0.0,32.0,60,0,"200010013001,200010013003,1420000021","200010013001 | states DecreaseCoolTime(711,30000,0) || 200010013003 || 1420000021 | stats PrecisionP=1200, DamP=-800","Quand Jinwoo rattrape la faux qui revient, le temps de rechargement de la compétence est réinitialisé et il obtient <color=#FFDF7D>1</color> cumul de l'effet pendant <color=#FFDF7D>6 secondes</color>.\nSi Jinwoo relance la compétence avec <color=#FFDF7D>3</color> cumuls, il lance la faux dans une large zone vers l'avant ; elle ne revient pas, mais l'attaque dure plus longtemps.",,,,,,,,,,,,,,,,
Anneau mortel,Anneau mortel I,1001711000101,1001711000100,1001711000101,1,1,NormalSkill,0,4.099999904632568,0.0,0.0,32.0,60,0,"200010013013,1420000021","200010013013 || 1420000021 | stats PrecisionP=1200, DamP=-800",,,0,,2.61,175.168,0,,0,,0,0,0,0,0,,DamAttCoeff: 2.61 (175.168%); buffs modifiés
Anneau mortel,Anneau mortel I,1001711000301,1001711000300,1001711000301,1,1,NormalSkill,0,4.340000152587891,0.0,0.0,32.0,60,0,"200010013013,1420000021","200010013013 || 1420000021 | stats PrecisionP=1200, DamP=-800",,,0,,0.24,5.85366,0,,0,,0,0,0,0,0,,DamAttCoeff: 0.24 (5.85366%)
Anneau mortel,Anneau mortel II,1001711000201,1001711000200,1001711000201,1,2,NormalSkill,0,1.5800000429153442,0.0,0.0,32.0,60,0,"200010013001,200010013003,1420000021,200010013008","200010013001 | states DecreaseCoolTime(711,30000,0) || 200010013003 || 1420000021 | stats PrecisionP=1200, DamP=-800 || 200010013008","Rattraper la faux qui revient réinitialise le temps de rechargement de la compétence et octroie <color=#FFDF7D>1</color> cumul de l'effet associé pendant <color=#FFDF7D>6 secondes</color>.\nQuand Jinwoo relance la compétence au bout de <color=#FFDF7D>3</color> cumuls, il lance la faux devant lui ; elle ne revient pas, mais prolonge les dégâts infligés.\nChaque fois que Jinwoo utilise <color=#FAC800>[Anneau mortel]</color>, des <color=#64FAC8>[Anneaux en spirale]</color> apparaissent autour de lui.\nÀ chaque utilisation d'<color=#FAC800>[Anneau mortel]</color>, des <color=#64FAC8>[Anneaux en spirale]</color> volent avec lui pour infliger des dégâts supplémentaires.\nVous pouvez cumuler des <color=#64FAC8>[Anneaux en spirale]</color> jusqu'à <color=#FFDF7D>3 fois</color>.",,0,,-2.76,-63.5945,0,,0,,0,0,0,0,0,,DamAttCoeff: -2.76 (-63.5945%); buffs modifiés
Frappe de l'Ordre céleste,Frappe de l'Ordre céleste I,1001840000001,1001840000000,1001840000001,1,1,NormalSkill,0,0.0,0.0,0.0,32.0,266,0,"1200191001,1420000021,200030018002","1200191001 | states ReactionImmune(16,0,0) | Super armure || 1420000021 | stats PrecisionP=1200, DamP=-800 || 200030018002","Jinwoo peut charger cette compétence jusqu'au <color=#FFDF7D>niveau 3</color>. À chaque niveau de charge, il active <color=#64FAC8>[Concentration d'énergie de mana]</color>.\nLorsqu'il utilise cette compétence, il obtient un <color=#64FAC8>[Bouclier]</color> pendant un certain temps.\n\n<color=#64FAC8>[Concentration d'énergie de mana]</color>\nAugmente légèrement les dégâts de <color=#FAC800>[Frappe de l'Ordre céleste]</color> pendant un certain temps.",,,,,,,,,,,,,,,,
Frappe de l'Ordre céleste,Frappe de l'Ordre céleste II,1001840000301,1001840000300,1001840000301,1,2,NormalSkill,0,0.0,0.0,0.0,32.0,266,0,"1200191001,1420000021,200030018002","1200191001 | states ReactionImmune(16,0,0) | Super armure || 1420000021 | stats PrecisionP=1200, DamP=-800 || 200030018002","Jinwoo peut charger cette compétence jusqu'au <color=#FFDF7D>niveau 5</color>. À chaque niveau de charge, il active <color=#64FAC8>[Concentration d'énergie de mana]</color>.\nS'il est touché par un ennemi pendant la charge, il se téléporte vers cet ennemi et attaque avec l'effet <color=#64FAC8>[Concentration d'énergie de mana]</color> au maximum.\nLorsqu'il utilise cette compétence, il obtient un <color=#64FAC8>[Bouclier]</color> pendant un certain temps.\n\n<color=#64FAC8>[Concentration d'énergie de mana]</color>\nAugmente légèrement les dégâts de <color=#FAC800>[Frappe de l'Ordre céleste]</color> pendant un certain temps.",,0,,0,,0,,0,,0,0,0,0,0,,
