MainTab,SubTab,Branch,TalentName,NodeID,Rank,MaxRank,Cost,RequiredLevel,ParentNodeID,ProgressionDepth,VisualRow,EffectType,RawValue,DisplayedValue,MarginalGain,CumulativeGain,Unit,BuffID,AbilityID,Confidence
SJWSkillTree,Assassin,Attaque sournoise,Ruée acérée,111101,1,1,2 SkillPoint,,,0,1,ActiveSkillReference,1001102000000,1001102000000,NON DÉTERMINÉ,NON DÉTERMINÉ,valeur brute,,1001102000000,CONFIRMÉ PAR LES GAMEDATA
SJWSkillTree,Assassin,Attaque sournoise,Overdrive,111100,1,1,1 IdentityPoint,MainQuestChapter:10301,,0,1,PassiveNoNumericEffect,,,NON DÉTERMINÉ,NON DÉTERMINÉ,,92000001,,NON DÉTERMINÉ
SJWSkillTree,Assassin,Attaque sournoise,Embuscade I,111201,1,1,4 SkillPoint,,111101,1,2,TriggeredBuff,[91000001],[91000001],NON DÉTERMINÉ,NON DÉTERMINÉ,valeur brute,90000001,,CONFIRMÉ PAR LES GAMEDATA
SJWSkillTree,Assassin,Attaque sournoise,Embuscade II,111202,1,1,4 SkillPoint,,111101,1,2,TriggeredBuff,[93100001],[93100001],NON DÉTERMINÉ,NON DÉTERMINÉ,valeur brute,94100001,,CONFIRMÉ PAR LES GAMEDATA
SJWSkillTree,Assassin,Attaque sournoise,Arts verticaux,111301,1,1,2 SkillPoint,,"111201,111202",2,3,ActiveSkillReference,1001301000000,1001301000000,NON DÉTERMINÉ,NON DÉTERMINÉ,valeur brute,,1001301000000,CONFIRMÉ PAR LES GAMEDATA
SJWSkillTree,Assassin,Attaque sournoise,Taux de coup critique augmenté,111401,1,1,4 SkillPoint,,111301,3,4,TriggeredBuff,[91000003],[91000003],NON DÉTERMINÉ,NON DÉTERMINÉ,valeur brute,90000003,,CONFIRMÉ PAR LES GAMEDATA
SJWSkillTree,Assassin,Attaque sournoise,Embuscade III\n[Effet passif spécial],111402,1,1,4 SkillPoint,,111202,2,4,TriggeredBuff,[91000007],[91000007],NON DÉTERMINÉ,NON DÉTERMINÉ,valeur brute,90000007,,CONFIRMÉ PAR LES GAMEDATA
SJWSkillTree,Assassin,Attaque sournoise,Taux de coup critique augmenté\n[Effet passif spécial],111501,1,1,5 SkillPoint,,111401,4,5,TriggeredBuff,[91000016],[91000016],NON DÉTERMINÉ,NON DÉTERMINÉ,valeur brute,90000006,,CONFIRMÉ PAR LES GAMEDATA
SJWSkillTree,Assassin,Attaque sournoise,Attaque augmentée,111601,1,1,3 SkillPoint,,111501,5,6,AttFR,80,0.8%,0.8%,0.8%,%,90000004,,FORTEMENT PROBABLE
SJWSkillTree,Assassin,Attaque sournoise,Embuscade IV,111602,1,1,4 SkillPoint,,111402,3,6,TriggeredBuff,"[93100003,93100005]","[93100003,93100005]",NON DÉTERMINÉ,NON DÉTERMINÉ,valeur brute,94100002,,CONFIRMÉ PAR LES GAMEDATA
SJWSkillTree,Assassin,Attaque sournoise,Marque de l'assassin,111701,1,1,4 SkillPoint,,111501,5,7,TriggeredBuff,"[91000021,91000024]","[91000021,91000024]",NON DÉTERMINÉ,NON DÉTERMINÉ,valeur brute,91000020,,CONFIRMÉ PAR LES GAMEDATA
SJWSkillTree,Assassin,Frappe vitale,Lésion interne,112102,1,1,2 SkillPoint,,,0,1,ActiveSkillReference,1001105200000,1001105200000,NON DÉTERMINÉ,NON DÉTERMINÉ,valeur brute,,1001105200000,CONFIRMÉ PAR LES GAMEDATA
SJWSkillTree,Assassin,Frappe vitale,Dévastation I,112201,1,1,4 SkillPoint,,112102,1,2,TriggeredBuff,[90000020],[90000020],NON DÉTERMINÉ,NON DÉTERMINÉ,valeur brute,90000010,,CONFIRMÉ PAR LES GAMEDATA
SJWSkillTree,Assassin,Frappe vitale,Dévastation II,112301,1,1,4 SkillPoint,,112201,2,3,TriggeredBuff,[90000023],[90000023],NON DÉTERMINÉ,NON DÉTERMINÉ,valeur brute,90000014,,CONFIRMÉ PAR LES GAMEDATA
SJWSkillTree,Assassin,Frappe vitale,À point,112302,1,1,2 SkillPoint,,112201,2,3,ActiveSkillReference,1001121400000,1001121400000,NON DÉTERMINÉ,NON DÉTERMINÉ,valeur brute,,1001121400000,CONFIRMÉ PAR LES GAMEDATA
SJWSkillTree,Assassin,Frappe vitale,Attaque dans le dos I,112303,1,1,4 SkillPoint,,112201,2,3,TriggeredBuff,[93100008],[93100008],NON DÉTERMINÉ,NON DÉTERMINÉ,valeur brute,94100003,,CONFIRMÉ PAR LES GAMEDATA
SJWSkillTree,Assassin,Frappe vitale,Position d'embuscade,112401,1,1,4 SkillPoint,,112302,3,4,TriggeredBuff,"[93100010,93100012]","[93100010,93100012]",NON DÉTERMINÉ,NON DÉTERMINÉ,valeur brute,94100004,,CONFIRMÉ PAR LES GAMEDATA
SJWSkillTree,Assassin,Frappe vitale,Ruée de l'ombre,112501,1,1,4 SkillPoint,,112301,3,5,TriggeredBuff,"[93100015,93100016]","[93100015,93100016]",NON DÉTERMINÉ,NON DÉTERMINÉ,valeur brute,94100005,,CONFIRMÉ PAR LES GAMEDATA
SJWSkillTree,Assassin,Frappe vitale,Attaque dans le dos II,112502,1,1,5 SkillPoint,,"112401,112303",4,5,EnhanceBackDamage,320,320,NON DÉTERMINÉ,NON DÉTERMINÉ,valeur brute,90000015,,CONFIRMÉ PAR LES GAMEDATA
SJWSkillTree,Assassin,Frappe vitale,Entailles croissantes,112601,1,1,2 SkillPoint,,112401,4,6,ActiveSkillReference,1001303400000,1001303400000,NON DÉTERMINÉ,NON DÉTERMINÉ,valeur brute,,1001303400000,CONFIRMÉ PAR LES GAMEDATA
SJWSkillTree,Assassin,Frappe vitale,Intention du prédateur,112701,1,1,4 SkillPoint,,112501,4,7,TriggeredBuff,[91000031],[91000031],NON DÉTERMINÉ,NON DÉTERMINÉ,valeur brute,91000030,,CONFIRMÉ PAR LES GAMEDATA
SJWSkillTree,Duelliste,Frappe enragée,Accablement,113101,1,1,2 SkillPoint,,,0,1,ActiveSkillReference,1001103100000,1001103100000,NON DÉTERMINÉ,NON DÉTERMINÉ,valeur brute,,1001103100000,CONFIRMÉ PAR LES GAMEDATA
SJWSkillTree,Duelliste,Frappe enragée,Overdrive,113100,1,1,1 IdentityPoint,MainQuestChapter:10301,,0,1,PeriodGiveBuff,92000201,92000201,NON DÉTERMINÉ,NON DÉTERMINÉ,valeur brute,92000003,,CONFIRMÉ PAR LES GAMEDATA
SJWSkillTree,Duelliste,Frappe enragée,Overdrive,113100,1,1,1 IdentityPoint,MainQuestChapter:10301,,0,1,EnhanceSkillDamage,20000,20000,NON DÉTERMINÉ,NON DÉTERMINÉ,valeur brute,92000003,,CONFIRMÉ PAR LES GAMEDATA
SJWSkillTree,Duelliste,Frappe enragée,Contre-offensive I,113201,1,1,4 SkillPoint,,113101,1,2,TriggeredBuff,[90000048],[90000048],NON DÉTERMINÉ,NON DÉTERMINÉ,valeur brute,90000035,,CONFIRMÉ PAR LES GAMEDATA
SJWSkillTree,Duelliste,Frappe enragée,Ombre vive : Contre-attaque,113202,1,1,4 SkillPoint,,113101,1,2,SkillChange,1001204300000,1001204300000,NON DÉTERMINÉ,NON DÉTERMINÉ,valeur brute,90000034,,CONFIRMÉ PAR LES GAMEDATA
SJWSkillTree,Duelliste,Frappe enragée,Contre-offensive II,113301,1,1,4 SkillPoint,,113201,2,3,TriggeredBuff,[90000049],[90000049],NON DÉTERMINÉ,NON DÉTERMINÉ,valeur brute,90000036,,CONFIRMÉ PAR LES GAMEDATA
SJWSkillTree,Duelliste,Frappe enragée,Percussion,113302,1,1,2 SkillPoint,,"113201,113202",2,3,ActiveSkillReference,1001103200000,1001103200000,NON DÉTERMINÉ,NON DÉTERMINÉ,valeur brute,,1001103200000,CONFIRMÉ PAR LES GAMEDATA
SJWSkillTree,Duelliste,Frappe enragée,Déséquilibre augmenté,113303,1,1,4 SkillPoint,,113202,2,3,BreakModifier,320,320,NON DÉTERMINÉ,NON DÉTERMINÉ,valeur brute,90000030,,CONFIRMÉ PAR LES GAMEDATA
SJWSkillTree,Duelliste,Frappe enragée,Défense augmentée,113401,1,1,3 SkillPoint,,113302,3,4,ArmFR,640,6.4%,6.4%,6.4%,%,90000031,,FORTEMENT PROBABLE
SJWSkillTree,Duelliste,Frappe enragée,Amélioration de contre-attaque,113402,1,1,5 SkillPoint,,"113302,113303",3,4,TriggeredBuff,"[93200001,93200002]","[93200001,93200002]",NON DÉTERMINÉ,NON DÉTERMINÉ,valeur brute,94200001,,CONFIRMÉ PAR LES GAMEDATA
SJWSkillTree,Duelliste,Frappe enragée,Contre-offensive III,113501,1,1,4 SkillPoint,,"113301,113401",4,5,TriggeredBuff,"[93200004,93200006]","[93200004,93200006]",NON DÉTERMINÉ,NON DÉTERMINÉ,valeur brute,94200002,,CONFIRMÉ PAR LES GAMEDATA
SJWSkillTree,Duelliste,Frappe enragée,Déchaînement,113601,1,1,2 SkillPoint,,"113401,113501",5,6,ActiveSkillReference,1001103400000,1001103400000,NON DÉTERMINÉ,NON DÉTERMINÉ,valeur brute,,1001103400000,CONFIRMÉ PAR LES GAMEDATA
SJWSkillTree,Duelliste,Frappe enragée,Champion de la contre-offensive,113701,1,1,4 SkillPoint,,113501,5,7,TriggeredBuff,"[91000061,91000063,91000170,91000065]","[91000061,91000063,91000170,91000065]",NON DÉTERMINÉ,NON DÉTERMINÉ,valeur brute,91000060,,CONFIRMÉ PAR LES GAMEDATA
SJWSkillTree,Duelliste,Coup unique,Bris d'armure,114101,1,1,2 SkillPoint,,,0,1,ActiveSkillReference,1001302000000,1001302000000,NON DÉTERMINÉ,NON DÉTERMINÉ,valeur brute,,1001302000000,CONFIRMÉ PAR LES GAMEDATA
SJWSkillTree,Duelliste,Coup unique,Combo I,114201,1,1,4 SkillPoint,,114101,1,2,TriggeredBuff,[93200009],[93200009],NON DÉTERMINÉ,NON DÉTERMINÉ,valeur brute,94200003,,CONFIRMÉ PAR LES GAMEDATA
SJWSkillTree,Duelliste,Coup unique,Smash I,114202,1,1,4 SkillPoint,,114101,1,2,TriggeredBuff,[90000054],[90000054],NON DÉTERMINÉ,NON DÉTERMINÉ,valeur brute,90000043,,CONFIRMÉ PAR LES GAMEDATA
SJWSkillTree,Duelliste,Coup unique,Annihilation,114301,1,1,2 SkillPoint,,"114201,114202",2,3,ActiveSkillReference,1001302200000,1001302200000,NON DÉTERMINÉ,NON DÉTERMINÉ,valeur brute,,1001302200000,CONFIRMÉ PAR LES GAMEDATA
SJWSkillTree,Duelliste,Coup unique,Déséquilibre augmenté\n[Effet passif spécial],114401,1,1,5 SkillPoint,,114301,3,4,BreakModifier,160,160,NON DÉTERMINÉ,NON DÉTERMINÉ,valeur brute,90000044,,CONFIRMÉ PAR LES GAMEDATA
SJWSkillTree,Duelliste,Coup unique,Augmentation des PV,114501,1,1,3 SkillPoint,,114401,4,5,IncreaseMHP,640,6.4%,6.4%,6.4%,%,90000039,,FORTEMENT PROBABLE
SJWSkillTree,Duelliste,Coup unique,Fougue,114502,1,1,3 SkillPoint,,114401,4,5,TriggeredBuff,"[93200013,93200014]","[93200013,93200014]",NON DÉTERMINÉ,NON DÉTERMINÉ,valeur brute,94200004,,CONFIRMÉ PAR LES GAMEDATA
SJWSkillTree,Duelliste,Coup unique,Combo II,114601,1,1,4 SkillPoint,,114501,5,6,TriggeredBuff,"[93200016,93200017]","[93200016,93200017]",NON DÉTERMINÉ,NON DÉTERMINÉ,valeur brute,94200005,,CONFIRMÉ PAR LES GAMEDATA
SJWSkillTree,Duelliste,Coup unique,Smash II,114602,1,1,4 SkillPoint,,114502,5,6,TriggeredBuff,[90000055],[90000055],NON DÉTERMINÉ,NON DÉTERMINÉ,valeur brute,90000045,,CONFIRMÉ PAR LES GAMEDATA
SJWSkillTree,Duelliste,Coup unique,Force amplifiée,114701,1,1,4 SkillPoint,,"114601,114602",6,7,TriggeredBuff,"[91000072,91000072,91000077,91000078,91000079,91000080,91000081,91000082,91000083,91000084,91000085]","[91000072,91000072,91000077,91000078,91000079,91000080,91000081,91000082,91000083,91000084,91000085]",NON DÉTERMINÉ,NON DÉTERMINÉ,valeur brute,91000071,,CONFIRMÉ PAR LES GAMEDATA
SJWSkillTree,Magicien élémentaire,Glace,Tempête glacée,115101,1,1,2 SkillPoint,,,0,1,ActiveSkillReference,1001201100000,1001201100000,NON DÉTERMINÉ,NON DÉTERMINÉ,valeur brute,,1001201100000,CONFIRMÉ PAR LES GAMEDATA
SJWSkillTree,Magicien élémentaire,Glace,Overdrive,115100,1,1,1 IdentityPoint,MainQuestChapter:10301,,0,1,PassiveNoNumericEffect,,,NON DÉTERMINÉ,NON DÉTERMINÉ,,92000011,,NON DÉTERMINÉ
SJWSkillTree,Magicien élémentaire,Glace,Augmentation des dégâts de chaîne,115201,1,1,4 SkillPoint,,115101,1,2,ElementCumulativeDam,1,1,NON DÉTERMINÉ,NON DÉTERMINÉ,valeur brute,90000063,,CONFIRMÉ PAR LES GAMEDATA
SJWSkillTree,Magicien élémentaire,Glace,Augmentation des dégâts de chaîne,115201,1,1,4 SkillPoint,,115101,1,2,ElementCumulativeDam,1,1,NON DÉTERMINÉ,NON DÉTERMINÉ,valeur brute,90000063,,CONFIRMÉ PAR LES GAMEDATA
SJWSkillTree,Magicien élémentaire,Glace,Iceberg,115301,1,1,2 SkillPoint,,115201,2,3,ActiveSkillReference,1001315400000,1001315400000,NON DÉTERMINÉ,NON DÉTERMINÉ,valeur brute,,1001315400000,CONFIRMÉ PAR LES GAMEDATA
SJWSkillTree,Magicien élémentaire,Glace,Amélioration de Magicien élémentaire : Gel I,115401,1,1,4 SkillPoint,,115301,3,4,TriggeredBuff,"[93300001,93300002,93300003,93300005]","[93300001,93300002,93300003,93300005]",NON DÉTERMINÉ,NON DÉTERMINÉ,valeur brute,94300001,,CONFIRMÉ PAR LES GAMEDATA
SJWSkillTree,Magicien élémentaire,Glace,Augmentation de la Pénétration de défense,115402,1,1,3 SkillPoint,,115301,3,4,ArmPen,80,80,NON DÉTERMINÉ,NON DÉTERMINÉ,valeur brute,90000062,,CONFIRMÉ PAR LES GAMEDATA
SJWSkillTree,Magicien élémentaire,Glace,Lame de glace,115501,1,1,4 SkillPoint,,115301,3,5,TriggeredBuff,[90000083],[90000083],NON DÉTERMINÉ,NON DÉTERMINÉ,valeur brute,90000070,,CONFIRMÉ PAR LES GAMEDATA
SJWSkillTree,Magicien élémentaire,Glace,Amélioration de Magicien élémentaire : Gel II,115601,1,1,4 SkillPoint,,115401,4,6,TriggeredBuff,[90000080],[90000080],NON DÉTERMINÉ,NON DÉTERMINÉ,valeur brute,90000065,,CONFIRMÉ PAR LES GAMEDATA
SJWSkillTree,Magicien élémentaire,Glace,Infusion élémentaire,115602,1,1,3 SkillPoint,,"115402,115501",4,6,TriggeredBuff,"[93300012,93300013,93300015]","[93300012,93300013,93300015]",NON DÉTERMINÉ,NON DÉTERMINÉ,valeur brute,94300002,,CONFIRMÉ PAR LES GAMEDATA
SJWSkillTree,Magicien élémentaire,Glace,Anneau gelé,115701,1,1,5 SkillPoint,,115501,4,7,TriggeredBuff,[90000081],[90000081],NON DÉTERMINÉ,NON DÉTERMINÉ,valeur brute,90000066,,CONFIRMÉ PAR LES GAMEDATA
SJWSkillTree,Magicien élémentaire,Glace,Harmonie de givrefeu,115802,1,1,4 SkillPoint,,115602,5,8,TriggeredBuff,"[91000091,91000093,91000095]","[91000091,91000093,91000095]",NON DÉTERMINÉ,NON DÉTERMINÉ,valeur brute,91000090,,CONFIRMÉ PAR LES GAMEDATA
SJWSkillTree,Magicien élémentaire,Feu,Dague de tempête de feu,116101,1,1,2 SkillPoint,,,0,1,ActiveSkillReference,1001104101000,1001104101000,NON DÉTERMINÉ,NON DÉTERMINÉ,valeur brute,,1001104101000,CONFIRMÉ PAR LES GAMEDATA
SJWSkillTree,Magicien élémentaire,Feu,Coup bonus,116201,1,1,4 SkillPoint,,116101,1,2,TriggeredBuff,[93300018],[93300018],NON DÉTERMINÉ,NON DÉTERMINÉ,valeur brute,94300003,,CONFIRMÉ PAR LES GAMEDATA
SJWSkillTree,Magicien élémentaire,Feu,Feu sauvage,116301,1,1,2 SkillPoint,,116201,2,3,ActiveSkillReference,1001202400000,1001202400000,NON DÉTERMINÉ,NON DÉTERMINÉ,valeur brute,,1001202400000,CONFIRMÉ PAR LES GAMEDATA
SJWSkillTree,Magicien élémentaire,Feu,Pénétration de défense augmentée,116401,1,1,3 SkillPoint,,116301,3,4,ArmPen,80,80,NON DÉTERMINÉ,NON DÉTERMINÉ,valeur brute,90000074,,CONFIRMÉ PAR LES GAMEDATA
SJWSkillTree,Magicien élémentaire,Feu,Amélioration de Magicien élémentaire : Feu I,116402,1,1,4 SkillPoint,,116301,3,4,TriggeredBuff,[93300020],[93300020],NON DÉTERMINÉ,NON DÉTERMINÉ,valeur brute,94300004,,CONFIRMÉ PAR LES GAMEDATA
SJWSkillTree,Magicien élémentaire,Feu,Armure en fusion,116501,1,1,4 SkillPoint,,116301,3,5,TriggeredBuff,[90000085],[90000085],NON DÉTERMINÉ,NON DÉTERMINÉ,valeur brute,90000076,,CONFIRMÉ PAR LES GAMEDATA
SJWSkillTree,Magicien élémentaire,Feu,Boost élémentaire,116601,1,1,5 SkillPoint,,"116401,116501",4,6,TriggeredBuff,"[93300022,93300023]","[93300022,93300023]",NON DÉTERMINÉ,NON DÉTERMINÉ,valeur brute,94300005,,CONFIRMÉ PAR LES GAMEDATA
SJWSkillTree,Magicien élémentaire,Feu,Amélioration de Magicien élémentaire : Feu II,116602,1,1,4 SkillPoint,,116402,4,6,TriggeredBuff,[90000084],[90000084],NON DÉTERMINÉ,NON DÉTERMINÉ,valeur brute,90000073,,CONFIRMÉ PAR LES GAMEDATA
SJWSkillTree,Magicien élémentaire,Feu,Annihilation,116701,1,1,3 SkillPoint,,116501,4,7,ActiveSkillReference,1001102100000,1001102100000,NON DÉTERMINÉ,NON DÉTERMINÉ,valeur brute,,1001102100000,CONFIRMÉ PAR LES GAMEDATA
SJWSkillTree,Magicien élémentaire,Feu,Paume embrasée,116801,1,1,4 SkillPoint,,116601,5,8,TriggeredBuff,[91000102],[91000102],NON DÉTERMINÉ,NON DÉTERMINÉ,valeur brute,91000101,,CONFIRMÉ PAR LES GAMEDATA
SJWSkillTree,Souverain,Toucher,Toucher du maître,117101,1,1,2 SkillPoint,,,0,1,ActiveSkillReference,1001203000000,1001203000000,NON DÉTERMINÉ,NON DÉTERMINÉ,valeur brute,,1001203000000,CONFIRMÉ PAR LES GAMEDATA
SJWSkillTree,Souverain,Toucher,Overdrive,117100,1,1,1 IdentityPoint,MainQuestChapter:10501,,0,1,PassiveNoNumericEffect,,,NON DÉTERMINÉ,NON DÉTERMINÉ,,92000009,,NON DÉTERMINÉ
SJWSkillTree,Souverain,Toucher,Efficacité de la subsistance,117201,1,1,4 SkillPoint,,117101,1,2,TriggeredBuff,"[93400001,93400003]","[93400001,93400003]",NON DÉTERMINÉ,NON DÉTERMINÉ,valeur brute,94400001,,CONFIRMÉ PAR LES GAMEDATA
SJWSkillTree,Souverain,Toucher,Suppression I,117301,1,1,4 SkillPoint,,117201,2,3,TriggeredBuff,[90000108],[90000108],NON DÉTERMINÉ,NON DÉTERMINÉ,valeur brute,90000091,,CONFIRMÉ PAR LES GAMEDATA
SJWSkillTree,Souverain,Toucher,Roue de pleine lune,117302,1,1,2 SkillPoint,,117201,2,3,ActiveSkillReference,1001101101000,1001101101000,NON DÉTERMINÉ,NON DÉTERMINÉ,valeur brute,,1001101101000,CONFIRMÉ PAR LES GAMEDATA
SJWSkillTree,Souverain,Toucher,Mépris,117401,1,1,4 SkillPoint,,117302,3,4,TriggeredBuff,[90000109],[90000109],NON DÉTERMINÉ,NON DÉTERMINÉ,valeur brute,90000092,,CONFIRMÉ PAR LES GAMEDATA
SJWSkillTree,Souverain,Toucher,Festin des faibles,117501,1,1,5 SkillPoint,,117401,4,5,TriggeredBuff,[93400006],[93400006],NON DÉTERMINÉ,NON DÉTERMINÉ,valeur brute,94400002,,CONFIRMÉ PAR LES GAMEDATA
SJWSkillTree,Souverain,Toucher,Suppression II,117601,1,1,4 SkillPoint,,"117301,117501",5,6,TriggeredBuff,[90000110],[90000110],NON DÉTERMINÉ,NON DÉTERMINÉ,valeur brute,90000094,,CONFIRMÉ PAR LES GAMEDATA
SJWSkillTree,Souverain,Toucher,Trou noir,117602,1,1,2 SkillPoint,,117501,5,6,ActiveSkillReference,1001316100000,1001316100000,NON DÉTERMINÉ,NON DÉTERMINÉ,valeur brute,,1001316100000,CONFIRMÉ PAR LES GAMEDATA
SJWSkillTree,Souverain,Toucher,Champ de bataille de la domination,117701,1,1,4 SkillPoint,,"117601,117602",6,7,TriggeredBuff,"[93400008,93400010]","[93400008,93400010]",NON DÉTERMINÉ,NON DÉTERMINÉ,valeur brute,94400003,,CONFIRMÉ PAR LES GAMEDATA
SJWSkillTree,Souverain,Toucher,Main de célérité,117801,1,1,4 SkillPoint,,117701,7,8,TriggeredBuff,"[91000131,91000132]","[91000131,91000132]",NON DÉTERMINÉ,NON DÉTERMINÉ,valeur brute,91000130,,CONFIRMÉ PAR LES GAMEDATA
SJWSkillTree,Souverain,Changement gravitationnel,Dispersion,118101,1,1,2 SkillPoint,,,0,1,ActiveSkillReference,1001319200000,1001319200000,NON DÉTERMINÉ,NON DÉTERMINÉ,valeur brute,,1001319200000,CONFIRMÉ PAR LES GAMEDATA
SJWSkillTree,Souverain,Changement gravitationnel,Dégâts augmentés contre les cibles à terre,118201,1,1,4 SkillPoint,,118101,1,2,DamageOnReaction,480,480,NON DÉTERMINÉ,NON DÉTERMINÉ,valeur brute,90000098,,CONFIRMÉ PAR LES GAMEDATA
SJWSkillTree,Souverain,Changement gravitationnel,Libération,118301,1,1,2 SkillPoint,,118201,2,3,ActiveSkillReference,1001318300000,1001318300000,NON DÉTERMINÉ,NON DÉTERMINÉ,valeur brute,,1001318300000,CONFIRMÉ PAR LES GAMEDATA
SJWSkillTree,Souverain,Changement gravitationnel,Désintégration,118401,1,1,4 SkillPoint,,118301,3,4,TriggeredBuff,[90000113],[90000113],NON DÉTERMINÉ,NON DÉTERMINÉ,valeur brute,90000102,,CONFIRMÉ PAR LES GAMEDATA
SJWSkillTree,Souverain,Changement gravitationnel,Aspiration gravitationnelle,118402,1,1,5 SkillPoint,,118301,3,4,TriggeredBuff,"[93400014,93400015]","[93400014,93400015]",NON DÉTERMINÉ,NON DÉTERMINÉ,valeur brute,94400004,,CONFIRMÉ PAR LES GAMEDATA
SJWSkillTree,Souverain,Changement gravitationnel,Attaque finale,118501,1,1,2 SkillPoint,,118402,4,5,ActiveSkillReference,1001317200000,1001317200000,NON DÉTERMINÉ,NON DÉTERMINÉ,valeur brute,,1001317200000,CONFIRMÉ PAR LES GAMEDATA
SJWSkillTree,Souverain,Changement gravitationnel,Changement gravitationnel,118601,1,1,4 SkillPoint,,118501,5,6,TriggeredBuff,[90000112],[90000112],NON DÉTERMINÉ,NON DÉTERMINÉ,valeur brute,90000099,,CONFIRMÉ PAR LES GAMEDATA
SJWSkillTree,Souverain,Changement gravitationnel,Désintégration multipliée,118701,1,1,4 SkillPoint,,"118401,118601",6,7,TriggeredBuff,[90000115],[90000115],NON DÉTERMINÉ,NON DÉTERMINÉ,valeur brute,90000105,,CONFIRMÉ PAR LES GAMEDATA
SJWSkillTree,Souverain,Changement gravitationnel,Posture parfaite,118702,1,1,4 SkillPoint,,118601,6,7,TriggeredBuff,"[93400017,93400018]","[93400017,93400018]",NON DÉTERMINÉ,NON DÉTERMINÉ,valeur brute,94400005,,CONFIRMÉ PAR LES GAMEDATA
SJWSkillTree,Souverain,Changement gravitationnel,Armée de conquête,118801,1,1,4 SkillPoint,,118702,7,8,TriggeredBuff,"[91000141,91000142]","[91000141,91000142]",NON DÉTERMINÉ,NON DÉTERMINÉ,valeur brute,91000140,,CONFIRMÉ PAR LES GAMEDATA
Groupe 9,,Groupe 9,Attaque augmentée 1 1/3,119101,1,3,2 SkillPoint,,,0,1,AttFR,100,1%,1%,1%,%,100000001,,FORTEMENT PROBABLE
Groupe 9,,Groupe 9,Attaque augmentée 1 2/3,119101,2,3,3 SkillPoint,,,0,1,AttFR,100,1%,1%,2%,%,100000001,,FORTEMENT PROBABLE
Groupe 9,,Groupe 9,Attaque augmentée 1 3/3,119101,3,3,4 SkillPoint,,,0,1,AttFR,100,1%,1%,3%,%,100000001,,FORTEMENT PROBABLE
Groupe 9,,Groupe 9,Défense augmentée 1 1/3,119102,1,3,2 SkillPoint,,,0,1,ArmFR,100,1%,1%,1%,%,100000002,,FORTEMENT PROBABLE
Groupe 9,,Groupe 9,Défense augmentée 1 2/3,119102,2,3,3 SkillPoint,,,0,1,ArmFR,100,1%,1%,2%,%,100000002,,FORTEMENT PROBABLE
Groupe 9,,Groupe 9,Défense augmentée 1 3/3,119102,3,3,4 SkillPoint,,,0,1,ArmFR,100,1%,1%,3%,%,100000002,,FORTEMENT PROBABLE
Groupe 9,,Groupe 9,PV augmentés 1 1/3,119103,1,3,2 SkillPoint,,,0,1,IncreaseMHP,100,1%,1%,1%,%,100000003,,FORTEMENT PROBABLE
Groupe 9,,Groupe 9,PV augmentés 1 2/3,119103,2,3,3 SkillPoint,,,0,1,IncreaseMHP,100,1%,1%,2%,%,100000003,,FORTEMENT PROBABLE
Groupe 9,,Groupe 9,PV augmentés 1 3/3,119103,3,3,4 SkillPoint,,,0,1,IncreaseMHP,100,1%,1%,3%,%,100000003,,FORTEMENT PROBABLE
Groupe 9,,Groupe 9,Attaque augmentée 2 1/3,119201,1,3,2 SkillPoint,,119101,1,2,AttFR,200,2%,2%,2%,%,100000004,,FORTEMENT PROBABLE
Groupe 9,,Groupe 9,Attaque augmentée 2 2/3,119201,2,3,3 SkillPoint,,119101,1,2,AttFR,200,2%,2%,4%,%,100000004,,FORTEMENT PROBABLE
Groupe 9,,Groupe 9,Attaque augmentée 2 3/3,119201,3,3,4 SkillPoint,,119101,1,2,AttFR,200,2%,2%,6%,%,100000004,,FORTEMENT PROBABLE
Groupe 9,,Groupe 9,Défense augmentée 2 1/3,119202,1,3,2 SkillPoint,,119102,1,2,ArmFR,200,2%,2%,2%,%,100000005,,FORTEMENT PROBABLE
Groupe 9,,Groupe 9,Défense augmentée 2 2/3,119202,2,3,3 SkillPoint,,119102,1,2,ArmFR,200,2%,2%,4%,%,100000005,,FORTEMENT PROBABLE
Groupe 9,,Groupe 9,Défense augmentée 2 3/3,119202,3,3,4 SkillPoint,,119102,1,2,ArmFR,200,2%,2%,6%,%,100000005,,FORTEMENT PROBABLE
Groupe 9,,Groupe 9,PV augmentés 2 1/3,119203,1,3,2 SkillPoint,,119103,1,2,IncreaseMHP,200,2%,2%,2%,%,100000006,,FORTEMENT PROBABLE
Groupe 9,,Groupe 9,PV augmentés 2 2/3,119203,2,3,3 SkillPoint,,119103,1,2,IncreaseMHP,200,2%,2%,4%,%,100000006,,FORTEMENT PROBABLE
Groupe 9,,Groupe 9,PV augmentés 2 3/3,119203,3,3,4 SkillPoint,,119103,1,2,IncreaseMHP,200,2%,2%,6%,%,100000006,,FORTEMENT PROBABLE
Groupe 9,,Groupe 9,Attaque augmentée 3 1/3,119301,1,3,2 SkillPoint,,119201,2,3,AttFR,300,3%,3%,3%,%,100000007,,FORTEMENT PROBABLE
Groupe 9,,Groupe 9,Attaque augmentée 3 2/3,119301,2,3,3 SkillPoint,,119201,2,3,AttFR,300,3%,3%,6%,%,100000007,,FORTEMENT PROBABLE
Groupe 9,,Groupe 9,Attaque augmentée 3 3/3,119301,3,3,4 SkillPoint,,119201,2,3,AttFR,300,3%,3%,9%,%,100000007,,FORTEMENT PROBABLE
Groupe 9,,Groupe 9,Défense augmentée 3 1/3,119302,1,3,2 SkillPoint,,119202,2,3,ArmFR,300,3%,3%,3%,%,100000008,,FORTEMENT PROBABLE
Groupe 9,,Groupe 9,Défense augmentée 3 2/3,119302,2,3,3 SkillPoint,,119202,2,3,ArmFR,300,3%,3%,6%,%,100000008,,FORTEMENT PROBABLE
Groupe 9,,Groupe 9,Défense augmentée 3 3/3,119302,3,3,4 SkillPoint,,119202,2,3,ArmFR,300,3%,3%,9%,%,100000008,,FORTEMENT PROBABLE
Groupe 9,,Groupe 9,PV augmentés 3 1/3,119303,1,3,2 SkillPoint,,119203,2,3,IncreaseMHP,300,3%,3%,3%,%,100000009,,FORTEMENT PROBABLE
Groupe 9,,Groupe 9,PV augmentés 3 2/3,119303,2,3,3 SkillPoint,,119203,2,3,IncreaseMHP,300,3%,3%,6%,%,100000009,,FORTEMENT PROBABLE
Groupe 9,,Groupe 9,PV augmentés 3 3/3,119303,3,3,4 SkillPoint,,119203,2,3,IncreaseMHP,300,3%,3%,9%,%,100000009,,FORTEMENT PROBABLE
Groupe 9,,Groupe 9,Attaque augmentée 4 1/3,119401,1,3,3 SkillPoint,,119301,3,4,AttFR,400,4%,4%,4%,%,100000010,,FORTEMENT PROBABLE
Groupe 9,,Groupe 9,Attaque augmentée 4 2/3,119401,2,3,4 SkillPoint,,119301,3,4,AttFR,400,4%,4%,8%,%,100000010,,FORTEMENT PROBABLE
Groupe 9,,Groupe 9,Attaque augmentée 4 3/3,119401,3,3,5 SkillPoint,,119301,3,4,AttFR,400,4%,4%,12%,%,100000010,,FORTEMENT PROBABLE
Groupe 9,,Groupe 9,Défense augmentée 4 1/3,119402,1,3,3 SkillPoint,,119302,3,4,ArmFR,400,4%,4%,4%,%,100000011,,FORTEMENT PROBABLE
Groupe 9,,Groupe 9,Défense augmentée 4 2/3,119402,2,3,4 SkillPoint,,119302,3,4,ArmFR,400,4%,4%,8%,%,100000011,,FORTEMENT PROBABLE
Groupe 9,,Groupe 9,Défense augmentée 4 3/3,119402,3,3,5 SkillPoint,,119302,3,4,ArmFR,400,4%,4%,12%,%,100000011,,FORTEMENT PROBABLE
Groupe 9,,Groupe 9,PV augmentés 4 1/3,119403,1,3,3 SkillPoint,,119303,3,4,IncreaseMHP,400,4%,4%,4%,%,100000012,,FORTEMENT PROBABLE
Groupe 9,,Groupe 9,PV augmentés 4 2/3,119403,2,3,4 SkillPoint,,119303,3,4,IncreaseMHP,400,4%,4%,8%,%,100000012,,FORTEMENT PROBABLE
Groupe 9,,Groupe 9,PV augmentés 4 3/3,119403,3,3,5 SkillPoint,,119303,3,4,IncreaseMHP,400,4%,4%,12%,%,100000012,,FORTEMENT PROBABLE
Groupe 9,,Groupe 9,Attaque augmentée 5 1/3,119501,1,3,3 SkillPoint,,119401,4,5,AttFR,500,5%,5%,5%,%,100000013,,FORTEMENT PROBABLE
Groupe 9,,Groupe 9,Attaque augmentée 5 2/3,119501,2,3,4 SkillPoint,,119401,4,5,AttFR,500,5%,5%,10%,%,100000013,,FORTEMENT PROBABLE
Groupe 9,,Groupe 9,Attaque augmentée 5 3/3,119501,3,3,5 SkillPoint,,119401,4,5,AttFR,500,5%,5%,15%,%,100000013,,FORTEMENT PROBABLE
Groupe 9,,Groupe 9,Défense augmentée 5 1/3,119502,1,3,3 SkillPoint,,119402,4,5,ArmFR,500,5%,5%,5%,%,100000014,,FORTEMENT PROBABLE
Groupe 9,,Groupe 9,Défense augmentée 5 2/3,119502,2,3,4 SkillPoint,,119402,4,5,ArmFR,500,5%,5%,10%,%,100000014,,FORTEMENT PROBABLE
Groupe 9,,Groupe 9,Défense augmentée 5 3/3,119502,3,3,5 SkillPoint,,119402,4,5,ArmFR,500,5%,5%,15%,%,100000014,,FORTEMENT PROBABLE
Groupe 9,,Groupe 9,PV augmentés 5 1/3,119503,1,3,3 SkillPoint,,119403,4,5,IncreaseMHP,500,5%,5%,5%,%,100000015,,FORTEMENT PROBABLE
Groupe 9,,Groupe 9,PV augmentés 5 2/3,119503,2,3,4 SkillPoint,,119403,4,5,IncreaseMHP,500,5%,5%,10%,%,100000015,,FORTEMENT PROBABLE
Groupe 9,,Groupe 9,PV augmentés 5 3/3,119503,3,3,5 SkillPoint,,119403,4,5,IncreaseMHP,500,5%,5%,15%,%,100000015,,FORTEMENT PROBABLE
Groupe 9,,Groupe 9,Attaque augmentée 6 1/3,119601,1,3,3 SkillPoint,,119501,5,6,AttFR,600,6%,6%,6%,%,100000016,,FORTEMENT PROBABLE
Groupe 9,,Groupe 9,Attaque augmentée 6 2/3,119601,2,3,4 SkillPoint,,119501,5,6,AttFR,600,6%,6%,12%,%,100000016,,FORTEMENT PROBABLE
Groupe 9,,Groupe 9,Attaque augmentée 6 3/3,119601,3,3,5 SkillPoint,,119501,5,6,AttFR,600,6%,6%,18%,%,100000016,,FORTEMENT PROBABLE
Groupe 9,,Groupe 9,Défense augmentée 6 1/3,119602,1,3,3 SkillPoint,,119502,5,6,ArmFR,600,6%,6%,6%,%,100000017,,FORTEMENT PROBABLE
Groupe 9,,Groupe 9,Défense augmentée 6 2/3,119602,2,3,4 SkillPoint,,119502,5,6,ArmFR,600,6%,6%,12%,%,100000017,,FORTEMENT PROBABLE
Groupe 9,,Groupe 9,Défense augmentée 6 3/3,119602,3,3,5 SkillPoint,,119502,5,6,ArmFR,600,6%,6%,18%,%,100000017,,FORTEMENT PROBABLE
Groupe 9,,Groupe 9,PV augmentés 6 1/3,119603,1,3,3 SkillPoint,,119503,5,6,IncreaseMHP,600,6%,6%,6%,%,100000018,,FORTEMENT PROBABLE
Groupe 9,,Groupe 9,PV augmentés 6 2/3,119603,2,3,4 SkillPoint,,119503,5,6,IncreaseMHP,600,6%,6%,12%,%,100000018,,FORTEMENT PROBABLE
Groupe 9,,Groupe 9,PV augmentés 6 3/3,119603,3,3,5 SkillPoint,,119503,5,6,IncreaseMHP,600,6%,6%,18%,%,100000018,,FORTEMENT PROBABLE
Groupe 10,,Groupe 10,Taux de coup critique 1 1/3,1110101,1,3,2 SkillPoint,,,0,1,CriticalP,100,1%,1%,1%,%,100000019,,FORTEMENT PROBABLE
Groupe 10,,Groupe 10,Taux de coup critique 1 2/3,1110101,2,3,3 SkillPoint,,,0,1,CriticalP,100,1%,1%,2%,%,100000019,,FORTEMENT PROBABLE
Groupe 10,,Groupe 10,Taux de coup critique 1 3/3,1110101,3,3,4 SkillPoint,,,0,1,CriticalP,100,1%,1%,3%,%,100000019,,FORTEMENT PROBABLE
Groupe 10,,Groupe 10,Dégâts de coup critique 1 1/3,1110102,1,3,2 SkillPoint,,,0,1,CriDamP,100,1%,1%,1%,%,100000020,,FORTEMENT PROBABLE
Groupe 10,,Groupe 10,Dégâts de coup critique 1 2/3,1110102,2,3,3 SkillPoint,,,0,1,CriDamP,100,1%,1%,2%,%,100000020,,FORTEMENT PROBABLE
Groupe 10,,Groupe 10,Dégâts de coup critique 1 3/3,1110102,3,3,4 SkillPoint,,,0,1,CriDamP,100,1%,1%,3%,%,100000020,,FORTEMENT PROBABLE
Groupe 10,,Groupe 10,Pénétration de défense 1 1/3,1110103,1,3,2 SkillPoint,,,0,1,ArmPen,100,100,NON DÉTERMINÉ,NON DÉTERMINÉ,valeur brute,100000021,,CONFIRMÉ PAR LES GAMEDATA
Groupe 10,,Groupe 10,Pénétration de défense 1 2/3,1110103,2,3,3 SkillPoint,,,0,1,ArmPen,100,100,NON DÉTERMINÉ,NON DÉTERMINÉ,valeur brute,100000021,,CONFIRMÉ PAR LES GAMEDATA
Groupe 10,,Groupe 10,Pénétration de défense 1 3/3,1110103,3,3,4 SkillPoint,,,0,1,ArmPen,100,100,NON DÉTERMINÉ,NON DÉTERMINÉ,valeur brute,100000021,,CONFIRMÉ PAR LES GAMEDATA
Groupe 10,,Groupe 10,Taux de coup critique 2 1/3,1110201,1,3,2 SkillPoint,,1110101,1,2,CriticalP,200,2%,2%,2%,%,100000022,,FORTEMENT PROBABLE
Groupe 10,,Groupe 10,Taux de coup critique 2 2/3,1110201,2,3,3 SkillPoint,,1110101,1,2,CriticalP,200,2%,2%,4%,%,100000022,,FORTEMENT PROBABLE
Groupe 10,,Groupe 10,Taux de coup critique 2 3/3,1110201,3,3,4 SkillPoint,,1110101,1,2,CriticalP,200,2%,2%,6%,%,100000022,,FORTEMENT PROBABLE
Groupe 10,,Groupe 10,Dégâts de coup critique 2 1/3,1110202,1,3,2 SkillPoint,,1110102,1,2,CriDamP,200,2%,2%,2%,%,100000023,,FORTEMENT PROBABLE
Groupe 10,,Groupe 10,Dégâts de coup critique 2 2/3,1110202,2,3,3 SkillPoint,,1110102,1,2,CriDamP,200,2%,2%,4%,%,100000023,,FORTEMENT PROBABLE
Groupe 10,,Groupe 10,Dégâts de coup critique 2 3/3,1110202,3,3,4 SkillPoint,,1110102,1,2,CriDamP,200,2%,2%,6%,%,100000023,,FORTEMENT PROBABLE
Groupe 10,,Groupe 10,Pénétration de défense 2 1/3,1110203,1,3,2 SkillPoint,,1110103,1,2,ArmPen,200,200,NON DÉTERMINÉ,NON DÉTERMINÉ,valeur brute,100000024,,CONFIRMÉ PAR LES GAMEDATA
Groupe 10,,Groupe 10,Pénétration de défense 2 2/3,1110203,2,3,3 SkillPoint,,1110103,1,2,ArmPen,200,200,NON DÉTERMINÉ,NON DÉTERMINÉ,valeur brute,100000024,,CONFIRMÉ PAR LES GAMEDATA
Groupe 10,,Groupe 10,Pénétration de défense 2 3/3,1110203,3,3,4 SkillPoint,,1110103,1,2,ArmPen,200,200,NON DÉTERMINÉ,NON DÉTERMINÉ,valeur brute,100000024,,CONFIRMÉ PAR LES GAMEDATA
Groupe 10,,Groupe 10,Taux de coup critique 3 1/3,1110301,1,3,2 SkillPoint,,1110201,2,3,CriticalP,300,3%,3%,3%,%,100000025,,FORTEMENT PROBABLE
Groupe 10,,Groupe 10,Taux de coup critique 3 2/3,1110301,2,3,3 SkillPoint,,1110201,2,3,CriticalP,300,3%,3%,6%,%,100000025,,FORTEMENT PROBABLE
Groupe 10,,Groupe 10,Taux de coup critique 3 3/3,1110301,3,3,4 SkillPoint,,1110201,2,3,CriticalP,300,3%,3%,9%,%,100000025,,FORTEMENT PROBABLE
Groupe 10,,Groupe 10,Dégâts de coup critique 3 1/3,1110302,1,3,2 SkillPoint,,1110202,2,3,CriDamP,300,3%,3%,3%,%,100000026,,FORTEMENT PROBABLE
Groupe 10,,Groupe 10,Dégâts de coup critique 3 2/3,1110302,2,3,3 SkillPoint,,1110202,2,3,CriDamP,300,3%,3%,6%,%,100000026,,FORTEMENT PROBABLE
Groupe 10,,Groupe 10,Dégâts de coup critique 3 3/3,1110302,3,3,4 SkillPoint,,1110202,2,3,CriDamP,300,3%,3%,9%,%,100000026,,FORTEMENT PROBABLE
Groupe 10,,Groupe 10,Pénétration de défense 3 1/3,1110303,1,3,2 SkillPoint,,1110203,2,3,ArmPen,300,300,NON DÉTERMINÉ,NON DÉTERMINÉ,valeur brute,100000027,,CONFIRMÉ PAR LES GAMEDATA
Groupe 10,,Groupe 10,Pénétration de défense 3 2/3,1110303,2,3,3 SkillPoint,,1110203,2,3,ArmPen,300,300,NON DÉTERMINÉ,NON DÉTERMINÉ,valeur brute,100000027,,CONFIRMÉ PAR LES GAMEDATA
Groupe 10,,Groupe 10,Pénétration de défense 3 3/3,1110303,3,3,4 SkillPoint,,1110203,2,3,ArmPen,300,300,NON DÉTERMINÉ,NON DÉTERMINÉ,valeur brute,100000027,,CONFIRMÉ PAR LES GAMEDATA
Groupe 10,,Groupe 10,Taux de coup critique 4 1/3,1110401,1,3,3 SkillPoint,,1110301,3,4,CriticalP,400,4%,4%,4%,%,100000028,,FORTEMENT PROBABLE
Groupe 10,,Groupe 10,Taux de coup critique 4 2/3,1110401,2,3,4 SkillPoint,,1110301,3,4,CriticalP,400,4%,4%,8%,%,100000028,,FORTEMENT PROBABLE
Groupe 10,,Groupe 10,Taux de coup critique 4 3/3,1110401,3,3,5 SkillPoint,,1110301,3,4,CriticalP,400,4%,4%,12%,%,100000028,,FORTEMENT PROBABLE
Groupe 10,,Groupe 10,Dégâts de coup critique 4 1/3,1110402,1,3,3 SkillPoint,,1110302,3,4,CriDamP,400,4%,4%,4%,%,100000029,,FORTEMENT PROBABLE
Groupe 10,,Groupe 10,Dégâts de coup critique 4 2/3,1110402,2,3,4 SkillPoint,,1110302,3,4,CriDamP,400,4%,4%,8%,%,100000029,,FORTEMENT PROBABLE
Groupe 10,,Groupe 10,Dégâts de coup critique 4 3/3,1110402,3,3,5 SkillPoint,,1110302,3,4,CriDamP,400,4%,4%,12%,%,100000029,,FORTEMENT PROBABLE
Groupe 10,,Groupe 10,Pénétration de défense 4 1/3,1110403,1,3,3 SkillPoint,,1110303,3,4,ArmPen,400,400,NON DÉTERMINÉ,NON DÉTERMINÉ,valeur brute,100000030,,CONFIRMÉ PAR LES GAMEDATA
Groupe 10,,Groupe 10,Pénétration de défense 4 2/3,1110403,2,3,4 SkillPoint,,1110303,3,4,ArmPen,400,400,NON DÉTERMINÉ,NON DÉTERMINÉ,valeur brute,100000030,,CONFIRMÉ PAR LES GAMEDATA
Groupe 10,,Groupe 10,Pénétration de défense 4 3/3,1110403,3,3,5 SkillPoint,,1110303,3,4,ArmPen,400,400,NON DÉTERMINÉ,NON DÉTERMINÉ,valeur brute,100000030,,CONFIRMÉ PAR LES GAMEDATA
Groupe 10,,Groupe 10,Taux de coup critique 5 1/3,1110501,1,3,3 SkillPoint,,1110401,4,5,CriticalP,500,5%,5%,5%,%,100000031,,FORTEMENT PROBABLE
Groupe 10,,Groupe 10,Taux de coup critique 5 2/3,1110501,2,3,4 SkillPoint,,1110401,4,5,CriticalP,500,5%,5%,10%,%,100000031,,FORTEMENT PROBABLE
Groupe 10,,Groupe 10,Taux de coup critique 5 3/3,1110501,3,3,5 SkillPoint,,1110401,4,5,CriticalP,500,5%,5%,15%,%,100000031,,FORTEMENT PROBABLE
Groupe 10,,Groupe 10,Dégâts de coup critique 5 1/3,1110502,1,3,3 SkillPoint,,1110402,4,5,CriDamP,500,5%,5%,5%,%,100000032,,FORTEMENT PROBABLE
Groupe 10,,Groupe 10,Dégâts de coup critique 5 2/3,1110502,2,3,4 SkillPoint,,1110402,4,5,CriDamP,500,5%,5%,10%,%,100000032,,FORTEMENT PROBABLE
Groupe 10,,Groupe 10,Dégâts de coup critique 5 3/3,1110502,3,3,5 SkillPoint,,1110402,4,5,CriDamP,500,5%,5%,15%,%,100000032,,FORTEMENT PROBABLE
Groupe 10,,Groupe 10,Pénétration de défense 5 1/3,1110503,1,3,3 SkillPoint,,1110403,4,5,ArmPen,500,500,NON DÉTERMINÉ,NON DÉTERMINÉ,valeur brute,100000033,,CONFIRMÉ PAR LES GAMEDATA
Groupe 10,,Groupe 10,Pénétration de défense 5 2/3,1110503,2,3,4 SkillPoint,,1110403,4,5,ArmPen,500,500,NON DÉTERMINÉ,NON DÉTERMINÉ,valeur brute,100000033,,CONFIRMÉ PAR LES GAMEDATA
Groupe 10,,Groupe 10,Pénétration de défense 5 3/3,1110503,3,3,5 SkillPoint,,1110403,4,5,ArmPen,500,500,NON DÉTERMINÉ,NON DÉTERMINÉ,valeur brute,100000033,,CONFIRMÉ PAR LES GAMEDATA
Groupe 10,,Groupe 10,Taux de coup critique 6 1/3,1110601,1,3,3 SkillPoint,,1110501,5,6,CriticalP,600,6%,6%,6%,%,100000034,,FORTEMENT PROBABLE
Groupe 10,,Groupe 10,Taux de coup critique 6 2/3,1110601,2,3,4 SkillPoint,,1110501,5,6,CriticalP,600,6%,6%,12%,%,100000034,,FORTEMENT PROBABLE
Groupe 10,,Groupe 10,Taux de coup critique 6 3/3,1110601,3,3,5 SkillPoint,,1110501,5,6,CriticalP,600,6%,6%,18%,%,100000034,,FORTEMENT PROBABLE
Groupe 10,,Groupe 10,Dégâts de coup critique 6 1/3,1110602,1,3,3 SkillPoint,,1110502,5,6,CriDamP,600,6%,6%,6%,%,100000035,,FORTEMENT PROBABLE
Groupe 10,,Groupe 10,Dégâts de coup critique 6 2/3,1110602,2,3,4 SkillPoint,,1110502,5,6,CriDamP,600,6%,6%,12%,%,100000035,,FORTEMENT PROBABLE
Groupe 10,,Groupe 10,Dégâts de coup critique 6 3/3,1110602,3,3,5 SkillPoint,,1110502,5,6,CriDamP,600,6%,6%,18%,%,100000035,,FORTEMENT PROBABLE
Groupe 10,,Groupe 10,Pénétration de défense 6 1/3,1110603,1,3,3 SkillPoint,,1110503,5,6,ArmPen,600,600,NON DÉTERMINÉ,NON DÉTERMINÉ,valeur brute,100000036,,CONFIRMÉ PAR LES GAMEDATA
Groupe 10,,Groupe 10,Pénétration de défense 6 2/3,1110603,2,3,4 SkillPoint,,1110503,5,6,ArmPen,600,600,NON DÉTERMINÉ,NON DÉTERMINÉ,valeur brute,100000036,,CONFIRMÉ PAR LES GAMEDATA
Groupe 10,,Groupe 10,Pénétration de défense 6 3/3,1110603,3,3,5 SkillPoint,,1110503,5,6,ArmPen,600,600,NON DÉTERMINÉ,NON DÉTERMINÉ,valeur brute,100000036,,CONFIRMÉ PAR LES GAMEDATA
GSSkillTree,Épée,Cœur d'acier,Hausse des dégâts de compétence à l'épée 1/3,2150102,1,3,3 WeaponPoint,,,0,1,IncreaseDamageByEquipGs,2,2,NON DÉTERMINÉ,NON DÉTERMINÉ,valeur brute,200000001,,CONFIRMÉ PAR LES GAMEDATA; coût FORTEMENT PROBABLE
GSSkillTree,Épée,Cœur d'acier,Hausse des dégâts de compétence à l'épée 2/3,2150102,2,3,3 WeaponPoint,,,0,1,IncreaseDamageByEquipGs,2,2,NON DÉTERMINÉ,NON DÉTERMINÉ,valeur brute,200000001,,CONFIRMÉ PAR LES GAMEDATA; coût FORTEMENT PROBABLE
GSSkillTree,Épée,Cœur d'acier,Hausse des dégâts de compétence à l'épée 3/3,2150102,3,3,3 WeaponPoint,,,0,1,IncreaseDamageByEquipGs,2,2,NON DÉTERMINÉ,NON DÉTERMINÉ,valeur brute,200000001,,CONFIRMÉ PAR LES GAMEDATA; coût FORTEMENT PROBABLE
GSSkillTree,Épée,Cœur d'acier,Charge frontale,2150202,1,1,3 WeaponPoint,,2150102,1,2,EnhanceSkillDamage,450,450,NON DÉTERMINÉ,NON DÉTERMINÉ,valeur brute,200000002,,CONFIRMÉ PAR LES GAMEDATA
GSSkillTree,Épée,Cœur d'acier,Charge frontale,2150202,1,1,3 WeaponPoint,,2150102,1,2,EnhanceBackDamage,-750,-750,NON DÉTERMINÉ,NON DÉTERMINÉ,valeur brute,200000002,,CONFIRMÉ PAR LES GAMEDATA
GSSkillTree,Épée,Cœur d'acier,Protection de l'épée,2150302,1,1,3 WeaponPoint,,2150202,2,3,TriggeredBuff,[200000301],[200000301],NON DÉTERMINÉ,NON DÉTERMINÉ,valeur brute,200000003,,CONFIRMÉ PAR LES GAMEDATA
GSSkillTree,Épée,Cœur d'acier,Attaque augmentée 1/3,2150401,1,3,2 WeaponPoint,,2150302,3,4,AttFR,50,0.5%,0.5%,0.5%,%,200000004,,FORTEMENT PROBABLE; coût FORTEMENT PROBABLE
GSSkillTree,Épée,Cœur d'acier,Attaque augmentée 2/3,2150401,2,3,2 WeaponPoint,,2150302,3,4,AttFR,50,0.5%,0.5%,1%,%,200000004,,FORTEMENT PROBABLE; coût FORTEMENT PROBABLE
GSSkillTree,Épée,Cœur d'acier,Attaque augmentée 3/3,2150401,3,3,2 WeaponPoint,,2150302,3,4,AttFR,50,0.5%,0.5%,1.5%,%,200000004,,FORTEMENT PROBABLE; coût FORTEMENT PROBABLE
GSSkillTree,Épée,Cœur d'acier,Défense augmentée 1/3,2150403,1,3,2 WeaponPoint,,2150302,3,4,ArmFR,100,1%,1%,1%,%,200000005,,FORTEMENT PROBABLE; coût FORTEMENT PROBABLE
GSSkillTree,Épée,Cœur d'acier,Défense augmentée 2/3,2150403,2,3,2 WeaponPoint,,2150302,3,4,ArmFR,100,1%,1%,2%,%,200000005,,FORTEMENT PROBABLE; coût FORTEMENT PROBABLE
GSSkillTree,Épée,Cœur d'acier,Défense augmentée 3/3,2150403,3,3,2 WeaponPoint,,2150302,3,4,ArmFR,100,1%,1%,3%,%,200000005,,FORTEMENT PROBABLE; coût FORTEMENT PROBABLE
GSSkillTree,Épée,Cœur d'acier,Cœur d'acier,2150502,1,1,3 WeaponPoint,,"2150401,2150403",4,5,TriggeredBuff,[200000302],[200000302],NON DÉTERMINÉ,NON DÉTERMINÉ,valeur brute,200000006,,CONFIRMÉ PAR LES GAMEDATA
GSSkillTree,Épée,Cœur d'acier,Affrontement frontal,2150602,1,1,3 WeaponPoint,,2150502,5,6,TriggeredBuff,[200000349],[200000349],NON DÉTERMINÉ,NON DÉTERMINÉ,valeur brute,200000348,,CONFIRMÉ PAR LES GAMEDATA
GSSkillTree,Épée,Résistance à la lame,Hausse des dégâts de compétence à l'épée 1/3,2151102,1,3,3 WeaponPoint,,,0,1,IncreaseDamageByEquipGs,2,2,NON DÉTERMINÉ,NON DÉTERMINÉ,valeur brute,200000007,,CONFIRMÉ PAR LES GAMEDATA; coût FORTEMENT PROBABLE
GSSkillTree,Épée,Résistance à la lame,Hausse des dégâts de compétence à l'épée 2/3,2151102,2,3,3 WeaponPoint,,,0,1,IncreaseDamageByEquipGs,2,2,NON DÉTERMINÉ,NON DÉTERMINÉ,valeur brute,200000007,,CONFIRMÉ PAR LES GAMEDATA; coût FORTEMENT PROBABLE
GSSkillTree,Épée,Résistance à la lame,Hausse des dégâts de compétence à l'épée 3/3,2151102,3,3,3 WeaponPoint,,,0,1,IncreaseDamageByEquipGs,2,2,NON DÉTERMINÉ,NON DÉTERMINÉ,valeur brute,200000007,,CONFIRMÉ PAR LES GAMEDATA; coût FORTEMENT PROBABLE
GSSkillTree,Épée,Résistance à la lame,Épée gardienne,2151201,1,1,3 WeaponPoint,,2151102,1,2,TriggeredBuff,[200000305],[200000305],NON DÉTERMINÉ,NON DÉTERMINÉ,valeur brute,200000008,,CONFIRMÉ PAR LES GAMEDATA
GSSkillTree,Épée,Résistance à la lame,Attaquer et bloquer,2151203,1,1,3 WeaponPoint,,2151102,1,2,TriggeredBuff,[200000304],[200000304],NON DÉTERMINÉ,NON DÉTERMINÉ,valeur brute,200000009,,CONFIRMÉ PAR LES GAMEDATA
GSSkillTree,Épée,Résistance à la lame,Précision augmentée 1/3,2151302,1,3,2 WeaponPoint,,"2151201,2151203",2,3,PrecisionP,50,0.5%,0.5%,0.5%,%,200000010,,FORTEMENT PROBABLE; coût FORTEMENT PROBABLE
GSSkillTree,Épée,Résistance à la lame,Précision augmentée 2/3,2151302,2,3,2 WeaponPoint,,"2151201,2151203",2,3,PrecisionP,50,0.5%,0.5%,1%,%,200000010,,FORTEMENT PROBABLE; coût FORTEMENT PROBABLE
GSSkillTree,Épée,Résistance à la lame,Précision augmentée 3/3,2151302,3,3,2 WeaponPoint,,"2151201,2151203",2,3,PrecisionP,50,0.5%,0.5%,1.5%,%,200000010,,FORTEMENT PROBABLE; coût FORTEMENT PROBABLE
GSSkillTree,Épée,Résistance à la lame,Pénétration de défense augmentée 1/3,2151402,1,3,2 WeaponPoint,,2151302,3,4,ArmPenP,25,0.25%,0.25%,0.25%,%,200000011,,FORTEMENT PROBABLE; coût FORTEMENT PROBABLE
GSSkillTree,Épée,Résistance à la lame,Pénétration de défense augmentée 2/3,2151402,2,3,2 WeaponPoint,,2151302,3,4,ArmPenP,25,0.25%,0.25%,0.5%,%,200000011,,FORTEMENT PROBABLE; coût FORTEMENT PROBABLE
GSSkillTree,Épée,Résistance à la lame,Pénétration de défense augmentée 3/3,2151402,3,3,2 WeaponPoint,,2151302,3,4,ArmPenP,25,0.25%,0.25%,0.75%,%,200000011,,FORTEMENT PROBABLE; coût FORTEMENT PROBABLE
GSSkillTree,Épée,Résistance à la lame,Lancement de contre-attaque,2151502,1,1,3 WeaponPoint,,2151402,4,5,TriggeredBuff,[200000336],[200000336],NON DÉTERMINÉ,NON DÉTERMINÉ,valeur brute,200000012,,CONFIRMÉ PAR LES GAMEDATA
GSSkillTree,Épée,Résistance à la lame,Frappe maîtrisée,2151602,1,1,3 WeaponPoint,,2151502,5,6,TriggeredBuff,[200000351],[200000351],NON DÉTERMINÉ,NON DÉTERMINÉ,valeur brute,200000350,,CONFIRMÉ PAR LES GAMEDATA
GSSkillTree,Dague,Plaie mortelle,Taux de coup critique augmenté 1/3,2252101,1,3,2 WeaponPoint,,,0,1,CriticalP,25,0.25%,0.25%,0.25%,%,200000013,,FORTEMENT PROBABLE; coût FORTEMENT PROBABLE
GSSkillTree,Dague,Plaie mortelle,Taux de coup critique augmenté 2/3,2252101,2,3,2 WeaponPoint,,,0,1,CriticalP,25,0.25%,0.25%,0.5%,%,200000013,,FORTEMENT PROBABLE; coût FORTEMENT PROBABLE
GSSkillTree,Dague,Plaie mortelle,Taux de coup critique augmenté 3/3,2252101,3,3,2 WeaponPoint,,,0,1,CriticalP,25,0.25%,0.25%,0.75%,%,200000013,,FORTEMENT PROBABLE; coût FORTEMENT PROBABLE
GSSkillTree,Dague,Plaie mortelle,Dégâts de coup critique augmentés 1/3,2252103,1,3,2 WeaponPoint,,,0,1,CriDamP,25,0.25%,0.25%,0.25%,%,200000014,,FORTEMENT PROBABLE; coût FORTEMENT PROBABLE
GSSkillTree,Dague,Plaie mortelle,Dégâts de coup critique augmentés 2/3,2252103,2,3,2 WeaponPoint,,,0,1,CriDamP,25,0.25%,0.25%,0.5%,%,200000014,,FORTEMENT PROBABLE; coût FORTEMENT PROBABLE
GSSkillTree,Dague,Plaie mortelle,Dégâts de coup critique augmentés 3/3,2252103,3,3,2 WeaponPoint,,,0,1,CriDamP,25,0.25%,0.25%,0.75%,%,200000014,,FORTEMENT PROBABLE; coût FORTEMENT PROBABLE
GSSkillTree,Dague,Plaie mortelle,Plaie mortelle,2252202,1,1,3 WeaponPoint,,"2252101,2252103",1,2,TriggeredBuff,[200000306],[200000306],NON DÉTERMINÉ,NON DÉTERMINÉ,valeur brute,200000015,,CONFIRMÉ PAR LES GAMEDATA
GSSkillTree,Dague,Plaie mortelle,Taux de coup critique augmenté 1/3,2252301,1,3,2 WeaponPoint,,2252202,2,3,CriticalP,25,0.25%,0.25%,0.25%,%,200000016,,FORTEMENT PROBABLE; coût FORTEMENT PROBABLE
GSSkillTree,Dague,Plaie mortelle,Taux de coup critique augmenté 2/3,2252301,2,3,2 WeaponPoint,,2252202,2,3,CriticalP,25,0.25%,0.25%,0.5%,%,200000016,,FORTEMENT PROBABLE; coût FORTEMENT PROBABLE
GSSkillTree,Dague,Plaie mortelle,Taux de coup critique augmenté 3/3,2252301,3,3,2 WeaponPoint,,2252202,2,3,CriticalP,25,0.25%,0.25%,0.75%,%,200000016,,FORTEMENT PROBABLE; coût FORTEMENT PROBABLE
GSSkillTree,Dague,Plaie mortelle,Dégâts de coup critique augmentés 1/3,2252303,1,3,2 WeaponPoint,,2252202,2,3,CriDamP,25,0.25%,0.25%,0.25%,%,200000017,,FORTEMENT PROBABLE; coût FORTEMENT PROBABLE
GSSkillTree,Dague,Plaie mortelle,Dégâts de coup critique augmentés 2/3,2252303,2,3,2 WeaponPoint,,2252202,2,3,CriDamP,25,0.25%,0.25%,0.5%,%,200000017,,FORTEMENT PROBABLE; coût FORTEMENT PROBABLE
GSSkillTree,Dague,Plaie mortelle,Dégâts de coup critique augmentés 3/3,2252303,3,3,2 WeaponPoint,,2252202,2,3,CriDamP,25,0.25%,0.25%,0.75%,%,200000017,,FORTEMENT PROBABLE; coût FORTEMENT PROBABLE
GSSkillTree,Dague,Plaie mortelle,Amplification de la douleur,2252401,1,1,3 WeaponPoint,,2252301,3,4,IncreaseDamageByTargetBuff,300,3%,3%,3%,%,200000018,,FORTEMENT PROBABLE
GSSkillTree,Dague,Plaie mortelle,Approche violente,2252403,1,1,3 WeaponPoint,,2252303,3,4,EnhanceSkillDamage,1500,1500,NON DÉTERMINÉ,NON DÉTERMINÉ,valeur brute,200000019,,CONFIRMÉ PAR LES GAMEDATA
GSSkillTree,Dague,Plaie mortelle,Frappe préparée,2252502,1,1,3 WeaponPoint,,"2252401,2252403",4,5,TriggeredBuff,[200000353],[200000353],NON DÉTERMINÉ,NON DÉTERMINÉ,valeur brute,200000352,,CONFIRMÉ PAR LES GAMEDATA
GSSkillTree,Dague,Éviction,Dégâts de compétence à la dague augmentés 1/3,2253101,1,3,3 WeaponPoint,,,0,1,IncreaseDamageByEquipGs,1,1,NON DÉTERMINÉ,NON DÉTERMINÉ,valeur brute,200000020,,CONFIRMÉ PAR LES GAMEDATA; coût FORTEMENT PROBABLE
GSSkillTree,Dague,Éviction,Dégâts de compétence à la dague augmentés 2/3,2253101,2,3,3 WeaponPoint,,,0,1,IncreaseDamageByEquipGs,1,1,NON DÉTERMINÉ,NON DÉTERMINÉ,valeur brute,200000020,,CONFIRMÉ PAR LES GAMEDATA; coût FORTEMENT PROBABLE
GSSkillTree,Dague,Éviction,Dégâts de compétence à la dague augmentés 3/3,2253101,3,3,3 WeaponPoint,,,0,1,IncreaseDamageByEquipGs,1,1,NON DÉTERMINÉ,NON DÉTERMINÉ,valeur brute,200000020,,CONFIRMÉ PAR LES GAMEDATA; coût FORTEMENT PROBABLE
GSSkillTree,Dague,Éviction,Dégâts des attaques dans le dos augmentés 1/3,2253103,1,3,3 WeaponPoint,,,0,1,EnhanceBackDamage,150,150,NON DÉTERMINÉ,NON DÉTERMINÉ,valeur brute,200000021,,CONFIRMÉ PAR LES GAMEDATA; coût FORTEMENT PROBABLE
GSSkillTree,Dague,Éviction,Dégâts des attaques dans le dos augmentés 2/3,2253103,2,3,3 WeaponPoint,,,0,1,EnhanceBackDamage,150,150,NON DÉTERMINÉ,NON DÉTERMINÉ,valeur brute,200000021,,CONFIRMÉ PAR LES GAMEDATA; coût FORTEMENT PROBABLE
GSSkillTree,Dague,Éviction,Dégâts des attaques dans le dos augmentés 3/3,2253103,3,3,3 WeaponPoint,,,0,1,EnhanceBackDamage,150,150,NON DÉTERMINÉ,NON DÉTERMINÉ,valeur brute,200000021,,CONFIRMÉ PAR LES GAMEDATA; coût FORTEMENT PROBABLE
GSSkillTree,Dague,Éviction,Attaque en embuscade,2253202,1,1,3 WeaponPoint,,"2253101,2253103",1,2,EnhanceSkillDamage,-300,-300,NON DÉTERMINÉ,NON DÉTERMINÉ,valeur brute,200000022,,CONFIRMÉ PAR LES GAMEDATA
GSSkillTree,Dague,Éviction,Attaque en embuscade,2253202,1,1,3 WeaponPoint,,"2253101,2253103",1,2,EnhanceBackDamage,750,750,NON DÉTERMINÉ,NON DÉTERMINÉ,valeur brute,200000022,,CONFIRMÉ PAR LES GAMEDATA
GSSkillTree,Dague,Éviction,Dégâts de Foulée de l'ombre augmentés,2253302,1,1,3 WeaponPoint,,2253202,2,3,EnhanceSkillDamage,1500,1500,NON DÉTERMINÉ,NON DÉTERMINÉ,valeur brute,200000023,,CONFIRMÉ PAR LES GAMEDATA
GSSkillTree,Dague,Éviction,Frappe de l'ombre,2253401,1,1,3 WeaponPoint,,2253302,3,4,TriggeredBuff,[200000307],[200000307],NON DÉTERMINÉ,NON DÉTERMINÉ,valeur brute,200000024,,CONFIRMÉ PAR LES GAMEDATA
GSSkillTree,Dague,Éviction,Faille de l'ombre,2253403,1,1,3 WeaponPoint,,2253302,3,4,TriggeredBuff,[200000308],[200000308],NON DÉTERMINÉ,NON DÉTERMINÉ,valeur brute,200000025,,CONFIRMÉ PAR LES GAMEDATA
GSSkillTree,Dague,Éviction,Coup dans le dos,2253502,1,1,3 WeaponPoint,,"2253401,2253403",4,5,TriggeredBuff,[200000355],[200000355],NON DÉTERMINÉ,NON DÉTERMINÉ,valeur brute,200000354,,CONFIRMÉ PAR LES GAMEDATA
GSSkillTree,Arc,Visée concentrée,Dégâts de compétence à l'arc augmentés 1/3,2254103,1,3,3 WeaponPoint,,,0,1,IncreaseDamageByEquipGs,3,3,NON DÉTERMINÉ,NON DÉTERMINÉ,valeur brute,200000026,,CONFIRMÉ PAR LES GAMEDATA; coût FORTEMENT PROBABLE
GSSkillTree,Arc,Visée concentrée,Dégâts de compétence à l'arc augmentés 2/3,2254103,2,3,3 WeaponPoint,,,0,1,IncreaseDamageByEquipGs,3,3,NON DÉTERMINÉ,NON DÉTERMINÉ,valeur brute,200000026,,CONFIRMÉ PAR LES GAMEDATA; coût FORTEMENT PROBABLE
GSSkillTree,Arc,Visée concentrée,Dégâts de compétence à l'arc augmentés 3/3,2254103,3,3,3 WeaponPoint,,,0,1,IncreaseDamageByEquipGs,3,3,NON DÉTERMINÉ,NON DÉTERMINÉ,valeur brute,200000026,,CONFIRMÉ PAR LES GAMEDATA; coût FORTEMENT PROBABLE
GSSkillTree,Arc,Visée concentrée,Taux de coup critique augmenté 1/3,2254202,1,3,2 WeaponPoint,,2254103,1,2,CriticalP,25,0.25%,0.25%,0.25%,%,200000027,,FORTEMENT PROBABLE; coût FORTEMENT PROBABLE
GSSkillTree,Arc,Visée concentrée,Taux de coup critique augmenté 2/3,2254202,2,3,2 WeaponPoint,,2254103,1,2,CriticalP,25,0.25%,0.25%,0.5%,%,200000027,,FORTEMENT PROBABLE; coût FORTEMENT PROBABLE
GSSkillTree,Arc,Visée concentrée,Taux de coup critique augmenté 3/3,2254202,3,3,2 WeaponPoint,,2254103,1,2,CriticalP,25,0.25%,0.25%,0.75%,%,200000027,,FORTEMENT PROBABLE; coût FORTEMENT PROBABLE
GSSkillTree,Arc,Visée concentrée,Frappe calculée,2254301,1,1,3 WeaponPoint,,2254202,2,3,TriggeredBuff,"[200000309,200000310]","[200000309,200000310]",NON DÉTERMINÉ,NON DÉTERMINÉ,valeur brute,200000028,,CONFIRMÉ PAR LES GAMEDATA
GSSkillTree,Arc,Visée concentrée,Tir en reculant,2254303,1,1,3 WeaponPoint,,2254103,1,3,EnhanceSkillDamage,1500,1500,NON DÉTERMINÉ,NON DÉTERMINÉ,valeur brute,200000029,,CONFIRMÉ PAR LES GAMEDATA
GSSkillTree,Arc,Visée concentrée,Dégâts de coup critique augmentés 1/3,2254402,1,3,2 WeaponPoint,,2254301,3,4,CriDamP,25,0.25%,0.25%,0.25%,%,200000030,,FORTEMENT PROBABLE; coût FORTEMENT PROBABLE
GSSkillTree,Arc,Visée concentrée,Dégâts de coup critique augmentés 2/3,2254402,2,3,2 WeaponPoint,,2254301,3,4,CriDamP,25,0.25%,0.25%,0.5%,%,200000030,,FORTEMENT PROBABLE; coût FORTEMENT PROBABLE
GSSkillTree,Arc,Visée concentrée,Dégâts de coup critique augmentés 3/3,2254402,3,3,2 WeaponPoint,,2254301,3,4,CriDamP,25,0.25%,0.25%,0.75%,%,200000030,,FORTEMENT PROBABLE; coût FORTEMENT PROBABLE
GSSkillTree,Arc,Visée concentrée,Frappe véloce,2254503,1,1,3 WeaponPoint,,"2254402,2254303",4,5,BaseStatConversionOnSkillDamage,2,2,NON DÉTERMINÉ,NON DÉTERMINÉ,valeur brute,200000031,,CONFIRMÉ PAR LES GAMEDATA
GSSkillTree,Arc,Visée concentrée,Veille funeste,2254602,1,1,3 WeaponPoint,,2254503,5,6,TriggeredBuff,[200000357],[200000357],NON DÉTERMINÉ,NON DÉTERMINÉ,valeur brute,200000356,,CONFIRMÉ PAR LES GAMEDATA
GSSkillTree,Arc,Visée sécurisée,Dégâts de compétence à l'arc augmentés 1/3,2255101,1,3,3 WeaponPoint,,,0,1,IncreaseDamageByEquipGs,3,3,NON DÉTERMINÉ,NON DÉTERMINÉ,valeur brute,200000032,,CONFIRMÉ PAR LES GAMEDATA; coût FORTEMENT PROBABLE
GSSkillTree,Arc,Visée sécurisée,Dégâts de compétence à l'arc augmentés 2/3,2255101,2,3,3 WeaponPoint,,,0,1,IncreaseDamageByEquipGs,3,3,NON DÉTERMINÉ,NON DÉTERMINÉ,valeur brute,200000032,,CONFIRMÉ PAR LES GAMEDATA; coût FORTEMENT PROBABLE
GSSkillTree,Arc,Visée sécurisée,Dégâts de compétence à l'arc augmentés 3/3,2255101,3,3,3 WeaponPoint,,,0,1,IncreaseDamageByEquipGs,3,3,NON DÉTERMINÉ,NON DÉTERMINÉ,valeur brute,200000032,,CONFIRMÉ PAR LES GAMEDATA; coût FORTEMENT PROBABLE
GSSkillTree,Arc,Visée sécurisée,Précision augmentée 1/3,2255202,1,3,2 WeaponPoint,,2255101,1,2,PrecisionP,50,0.5%,0.5%,0.5%,%,200000033,,FORTEMENT PROBABLE; coût FORTEMENT PROBABLE
GSSkillTree,Arc,Visée sécurisée,Précision augmentée 2/3,2255202,2,3,2 WeaponPoint,,2255101,1,2,PrecisionP,50,0.5%,0.5%,1%,%,200000033,,FORTEMENT PROBABLE; coût FORTEMENT PROBABLE
GSSkillTree,Arc,Visée sécurisée,Précision augmentée 3/3,2255202,3,3,2 WeaponPoint,,2255101,1,2,PrecisionP,50,0.5%,0.5%,1.5%,%,200000033,,FORTEMENT PROBABLE; coût FORTEMENT PROBABLE
GSSkillTree,Arc,Visée sécurisée,Tir d'esquive,2255301,1,1,3 WeaponPoint,,2255101,1,3,TriggeredBuff,[200000313],[200000313],NON DÉTERMINÉ,NON DÉTERMINÉ,valeur brute,200000034,,CONFIRMÉ PAR LES GAMEDATA
GSSkillTree,Arc,Visée sécurisée,Tir en pleine tête,2255303,1,1,3 WeaponPoint,,2255202,2,3,TriggeredBuff,[200000314],[200000314],NON DÉTERMINÉ,NON DÉTERMINÉ,valeur brute,200000035,,CONFIRMÉ PAR LES GAMEDATA
GSSkillTree,Arc,Visée sécurisée,Pénétration de défense augmentée 1/3,2255402,1,3,2 WeaponPoint,,2255303,3,4,ArmPenP,25,0.25%,0.25%,0.25%,%,200000036,,FORTEMENT PROBABLE; coût FORTEMENT PROBABLE
GSSkillTree,Arc,Visée sécurisée,Pénétration de défense augmentée 2/3,2255402,2,3,2 WeaponPoint,,2255303,3,4,ArmPenP,25,0.25%,0.25%,0.5%,%,200000036,,FORTEMENT PROBABLE; coût FORTEMENT PROBABLE
GSSkillTree,Arc,Visée sécurisée,Pénétration de défense augmentée 3/3,2255402,3,3,2 WeaponPoint,,2255303,3,4,ArmPenP,25,0.25%,0.25%,0.75%,%,200000036,,FORTEMENT PROBABLE; coût FORTEMENT PROBABLE
GSSkillTree,Arc,Visée sécurisée,Visée sécurisée,2255501,1,1,3 WeaponPoint,,"2255301,2255402",4,5,DamP,550,5.5%,5.5%,5.5%,%,200000037,,FORTEMENT PROBABLE
GSSkillTree,Arc,Visée sécurisée,Visée sécurisée,2255501,1,1,3 WeaponPoint,,"2255301,2255402",4,5,DamageByDistance,-1550,-1550,NON DÉTERMINÉ,NON DÉTERMINÉ,valeur brute,200000037,,CONFIRMÉ PAR LES GAMEDATA
GSSkillTree,Arc,Visée sécurisée,Distance parfaite,2255602,1,1,3 WeaponPoint,,2255501,5,6,TriggeredBuff,"[200000359,200000360]","[200000359,200000360]",NON DÉTERMINÉ,NON DÉTERMINÉ,valeur brute,200000358,,CONFIRMÉ PAR LES GAMEDATA
GSSkillTree,Arme à feu,Arme à feu - Kata,Dégâts de compétence à l'arme à feu augmentés 1/3,2356101,1,3,3 WeaponPoint,,,0,1,IncreaseDamageByEquipGs,4,4,NON DÉTERMINÉ,NON DÉTERMINÉ,valeur brute,200000038,,CONFIRMÉ PAR LES GAMEDATA; coût FORTEMENT PROBABLE
GSSkillTree,Arme à feu,Arme à feu - Kata,Dégâts de compétence à l'arme à feu augmentés 2/3,2356101,2,3,3 WeaponPoint,,,0,1,IncreaseDamageByEquipGs,4,4,NON DÉTERMINÉ,NON DÉTERMINÉ,valeur brute,200000038,,CONFIRMÉ PAR LES GAMEDATA; coût FORTEMENT PROBABLE
GSSkillTree,Arme à feu,Arme à feu - Kata,Dégâts de compétence à l'arme à feu augmentés 3/3,2356101,3,3,3 WeaponPoint,,,0,1,IncreaseDamageByEquipGs,4,4,NON DÉTERMINÉ,NON DÉTERMINÉ,valeur brute,200000038,,CONFIRMÉ PAR LES GAMEDATA; coût FORTEMENT PROBABLE
GSSkillTree,Arme à feu,Arme à feu - Kata,Attaque rapide,2356102,1,1,3 WeaponPoint,,,0,1,TriggeredBuff,[200000315],[200000315],NON DÉTERMINÉ,NON DÉTERMINÉ,valeur brute,200000039,,CONFIRMÉ PAR LES GAMEDATA
GSSkillTree,Arme à feu,Arme à feu - Kata,Massacre,2356201,1,1,3 WeaponPoint,,2356101,1,2,TriggeredBuff,[200000334],[200000334],NON DÉTERMINÉ,NON DÉTERMINÉ,valeur brute,200000040,,CONFIRMÉ PAR LES GAMEDATA
GSSkillTree,Arme à feu,Arme à feu - Kata,Tir à bout portant,2356301,1,1,3 WeaponPoint,,2356201,2,3,TriggeredBuff,[200000317],[200000317],NON DÉTERMINÉ,NON DÉTERMINÉ,valeur brute,200000041,,CONFIRMÉ PAR LES GAMEDATA
GSSkillTree,Arme à feu,Arme à feu - Kata,Massacre II,2356401,1,1,3 WeaponPoint,,2356301,3,4,TriggeredBuff,[200000346],[200000346],NON DÉTERMINÉ,NON DÉTERMINÉ,valeur brute,200000042,,CONFIRMÉ PAR LES GAMEDATA
GSSkillTree,Arme à feu,Arme à feu - Kata,Coup d'esquive,2356501,1,1,3 WeaponPoint,,2356401,4,5,TriggeredBuff,[200000318],[200000318],NON DÉTERMINÉ,NON DÉTERMINÉ,valeur brute,200000043,,CONFIRMÉ PAR LES GAMEDATA
GSSkillTree,Arme à feu,Arme à feu - Kata,Tir critique,2356602,1,1,3 WeaponPoint,,2356501,5,6,TriggeredBuff,[200000362],[200000362],NON DÉTERMINÉ,NON DÉTERMINÉ,valeur brute,200000361,,CONFIRMÉ PAR LES GAMEDATA
GSSkillTree,Arme à feu,Visée patiente,Rechargement,2357101,1,1,3 WeaponPoint,,,0,1,TriggeredBuff,[200000319],[200000319],NON DÉTERMINÉ,NON DÉTERMINÉ,valeur brute,200000044,,CONFIRMÉ PAR LES GAMEDATA
GSSkillTree,Arme à feu,Visée patiente,Dégâts de compétence à l'arme à feu augmentés 1/3,2357102,1,3,3 WeaponPoint,,,0,1,IncreaseDamageByEquipGs,4,4,NON DÉTERMINÉ,NON DÉTERMINÉ,valeur brute,200000045,,CONFIRMÉ PAR LES GAMEDATA; coût FORTEMENT PROBABLE
GSSkillTree,Arme à feu,Visée patiente,Dégâts de compétence à l'arme à feu augmentés 2/3,2357102,2,3,3 WeaponPoint,,,0,1,IncreaseDamageByEquipGs,4,4,NON DÉTERMINÉ,NON DÉTERMINÉ,valeur brute,200000045,,CONFIRMÉ PAR LES GAMEDATA; coût FORTEMENT PROBABLE
GSSkillTree,Arme à feu,Visée patiente,Dégâts de compétence à l'arme à feu augmentés 3/3,2357102,3,3,3 WeaponPoint,,,0,1,IncreaseDamageByEquipGs,4,4,NON DÉTERMINÉ,NON DÉTERMINÉ,valeur brute,200000045,,CONFIRMÉ PAR LES GAMEDATA; coût FORTEMENT PROBABLE
GSSkillTree,Arme à feu,Visée patiente,Pénétration de défense augmentée 1/3,2357202,1,3,2 WeaponPoint,,2357102,1,2,ArmPenP,25,0.25%,0.25%,0.25%,%,200000046,,FORTEMENT PROBABLE; coût FORTEMENT PROBABLE
GSSkillTree,Arme à feu,Visée patiente,Pénétration de défense augmentée 2/3,2357202,2,3,2 WeaponPoint,,2357102,1,2,ArmPenP,25,0.25%,0.25%,0.5%,%,200000046,,FORTEMENT PROBABLE; coût FORTEMENT PROBABLE
GSSkillTree,Arme à feu,Visée patiente,Pénétration de défense augmentée 3/3,2357202,3,3,2 WeaponPoint,,2357102,1,2,ArmPenP,25,0.25%,0.25%,0.75%,%,200000046,,FORTEMENT PROBABLE; coût FORTEMENT PROBABLE
GSSkillTree,Arme à feu,Visée patiente,Munitions concentrées,2357302,1,1,3 WeaponPoint,,2357202,2,3,TriggeredBuff,[200000320],[200000320],NON DÉTERMINÉ,NON DÉTERMINÉ,valeur brute,200000047,,CONFIRMÉ PAR LES GAMEDATA
GSSkillTree,Arme à feu,Visée patiente,Pénétration de défense augmentée 1/3,2357402,1,3,2 WeaponPoint,,2357302,3,4,ArmPenP,25,0.25%,0.25%,0.25%,%,200000048,,FORTEMENT PROBABLE; coût FORTEMENT PROBABLE
GSSkillTree,Arme à feu,Visée patiente,Pénétration de défense augmentée 2/3,2357402,2,3,2 WeaponPoint,,2357302,3,4,ArmPenP,25,0.25%,0.25%,0.5%,%,200000048,,FORTEMENT PROBABLE; coût FORTEMENT PROBABLE
GSSkillTree,Arme à feu,Visée patiente,Pénétration de défense augmentée 3/3,2357402,3,3,2 WeaponPoint,,2357302,3,4,ArmPenP,25,0.25%,0.25%,0.75%,%,200000048,,FORTEMENT PROBABLE; coût FORTEMENT PROBABLE
GSSkillTree,Arme à feu,Visée patiente,Flux balistique,2357502,1,1,3 WeaponPoint,,2357402,4,5,TriggeredBuff,[200000321],[200000321],NON DÉTERMINÉ,NON DÉTERMINÉ,valeur brute,200000049,,CONFIRMÉ PAR LES GAMEDATA
GSSkillTree,Arme à feu,Visée patiente,Tir relais,2357600,1,1,3 WeaponPoint,,2357502,5,6,TriggeredBuff,[200000364],[200000364],NON DÉTERMINÉ,NON DÉTERMINÉ,valeur brute,200000363,,CONFIRMÉ PAR LES GAMEDATA
GSSkillTree,Focalisateur,Recherche de PM,Dégâts de compétence de Concentration augmentés 1/3,2358102,1,3,3 WeaponPoint,,,0,1,IncreaseDamageByEquipGs,7,7,NON DÉTERMINÉ,NON DÉTERMINÉ,valeur brute,200000050,,CONFIRMÉ PAR LES GAMEDATA; coût FORTEMENT PROBABLE
GSSkillTree,Focalisateur,Recherche de PM,Dégâts de compétence de Concentration augmentés 2/3,2358102,2,3,3 WeaponPoint,,,0,1,IncreaseDamageByEquipGs,7,7,NON DÉTERMINÉ,NON DÉTERMINÉ,valeur brute,200000050,,CONFIRMÉ PAR LES GAMEDATA; coût FORTEMENT PROBABLE
GSSkillTree,Focalisateur,Recherche de PM,Dégâts de compétence de Concentration augmentés 3/3,2358102,3,3,3 WeaponPoint,,,0,1,IncreaseDamageByEquipGs,7,7,NON DÉTERMINÉ,NON DÉTERMINÉ,valeur brute,200000050,,CONFIRMÉ PAR LES GAMEDATA; coût FORTEMENT PROBABLE
GSSkillTree,Focalisateur,Recherche de PM,Détection de faiblesse,2358202,1,1,3 WeaponPoint,,2358102,1,2,WeaknessElementDamage,150,150,NON DÉTERMINÉ,NON DÉTERMINÉ,valeur brute,200000051,,CONFIRMÉ PAR LES GAMEDATA
GSSkillTree,Focalisateur,Recherche de PM,Amélioration d'accablement 1/3,2358301,1,3,3 WeaponPoint,,2358202,2,3,ElementCumulativeDam,1,1,NON DÉTERMINÉ,NON DÉTERMINÉ,valeur brute,200000052,,CONFIRMÉ PAR LES GAMEDATA; coût FORTEMENT PROBABLE
GSSkillTree,Focalisateur,Recherche de PM,Amélioration d'accablement 2/3,2358301,2,3,3 WeaponPoint,,2358202,2,3,ElementCumulativeDam,1,1,NON DÉTERMINÉ,NON DÉTERMINÉ,valeur brute,200000052,,CONFIRMÉ PAR LES GAMEDATA; coût FORTEMENT PROBABLE
GSSkillTree,Focalisateur,Recherche de PM,Amélioration d'accablement 3/3,2358301,3,3,3 WeaponPoint,,2358202,2,3,ElementCumulativeDam,1,1,NON DÉTERMINÉ,NON DÉTERMINÉ,valeur brute,200000052,,CONFIRMÉ PAR LES GAMEDATA; coût FORTEMENT PROBABLE
GSSkillTree,Focalisateur,Recherche de PM,Amélioration de chaos 1/3,2358303,1,3,3 WeaponPoint,,2358202,2,3,ElementCumulativeDam,1,1,NON DÉTERMINÉ,NON DÉTERMINÉ,valeur brute,200000053,,CONFIRMÉ PAR LES GAMEDATA; coût FORTEMENT PROBABLE
GSSkillTree,Focalisateur,Recherche de PM,Amélioration de chaos 2/3,2358303,2,3,3 WeaponPoint,,2358202,2,3,ElementCumulativeDam,1,1,NON DÉTERMINÉ,NON DÉTERMINÉ,valeur brute,200000053,,CONFIRMÉ PAR LES GAMEDATA; coût FORTEMENT PROBABLE
GSSkillTree,Focalisateur,Recherche de PM,Amélioration de chaos 3/3,2358303,3,3,3 WeaponPoint,,2358202,2,3,ElementCumulativeDam,1,1,NON DÉTERMINÉ,NON DÉTERMINÉ,valeur brute,200000053,,CONFIRMÉ PAR LES GAMEDATA; coût FORTEMENT PROBABLE
GSSkillTree,Focalisateur,Recherche de PM,Recherche d'élément,2358501,1,1,3 WeaponPoint,,2358301,3,4,EnhanceElementValue,150,150,NON DÉTERMINÉ,NON DÉTERMINÉ,valeur brute,200000054,,CONFIRMÉ PAR LES GAMEDATA
GSSkillTree,Focalisateur,Recherche de PM,Onde de mana,2358503,1,1,3 WeaponPoint,,2358303,3,4,BaseStatConversionOnSkillDamage,2,2,NON DÉTERMINÉ,NON DÉTERMINÉ,valeur brute,200000055,,CONFIRMÉ PAR LES GAMEDATA
GSSkillTree,Focalisateur,Recherche de PM,Énergie de mana dissimulée,2358502,1,1,3 WeaponPoint,,"2358501,2358503",4,5,TriggeredBuff,[200000366],[200000366],NON DÉTERMINÉ,NON DÉTERMINÉ,valeur brute,200000365,,CONFIRMÉ PAR LES GAMEDATA
GSSkillTree,Focalisateur,Énergie de mana fluide,Dégâts de compétence de Concentration augmentés 1/3,2359101,1,3,3 WeaponPoint,,,0,1,IncreaseDamageByEquipGs,7,7,NON DÉTERMINÉ,NON DÉTERMINÉ,valeur brute,200000056,,CONFIRMÉ PAR LES GAMEDATA; coût FORTEMENT PROBABLE
GSSkillTree,Focalisateur,Énergie de mana fluide,Dégâts de compétence de Concentration augmentés 2/3,2359101,2,3,3 WeaponPoint,,,0,1,IncreaseDamageByEquipGs,7,7,NON DÉTERMINÉ,NON DÉTERMINÉ,valeur brute,200000056,,CONFIRMÉ PAR LES GAMEDATA; coût FORTEMENT PROBABLE
GSSkillTree,Focalisateur,Énergie de mana fluide,Dégâts de compétence de Concentration augmentés 3/3,2359101,3,3,3 WeaponPoint,,,0,1,IncreaseDamageByEquipGs,7,7,NON DÉTERMINÉ,NON DÉTERMINÉ,valeur brute,200000056,,CONFIRMÉ PAR LES GAMEDATA; coût FORTEMENT PROBABLE
GSSkillTree,Focalisateur,Énergie de mana fluide,Dégâts de compétence de Concentration augmentés 1/3,2359103,1,3,3 WeaponPoint,,,0,1,IncreaseDamageByEquipGs,7,7,NON DÉTERMINÉ,NON DÉTERMINÉ,valeur brute,200000057,,CONFIRMÉ PAR LES GAMEDATA; coût FORTEMENT PROBABLE
GSSkillTree,Focalisateur,Énergie de mana fluide,Dégâts de compétence de Concentration augmentés 2/3,2359103,2,3,3 WeaponPoint,,,0,1,IncreaseDamageByEquipGs,7,7,NON DÉTERMINÉ,NON DÉTERMINÉ,valeur brute,200000057,,CONFIRMÉ PAR LES GAMEDATA; coût FORTEMENT PROBABLE
GSSkillTree,Focalisateur,Énergie de mana fluide,Dégâts de compétence de Concentration augmentés 3/3,2359103,3,3,3 WeaponPoint,,,0,1,IncreaseDamageByEquipGs,7,7,NON DÉTERMINÉ,NON DÉTERMINÉ,valeur brute,200000057,,CONFIRMÉ PAR LES GAMEDATA; coût FORTEMENT PROBABLE
GSSkillTree,Focalisateur,Énergie de mana fluide,Amélioration de mana,2359202,1,1,3 WeaponPoint,,"2359101,2359103",1,2,MPCostReduP,-2000,-2000,NON DÉTERMINÉ,NON DÉTERMINÉ,valeur brute,200000058,,CONFIRMÉ PAR LES GAMEDATA
GSSkillTree,Focalisateur,Énergie de mana fluide,Amélioration de mana,2359202,1,1,3 WeaponPoint,,"2359101,2359103",1,2,IncreaseDamageByEquipGs,7,7,NON DÉTERMINÉ,NON DÉTERMINÉ,valeur brute,200000058,,CONFIRMÉ PAR LES GAMEDATA
GSSkillTree,Focalisateur,Énergie de mana fluide,Augmente les PM max 1/3,2359402,1,3,2 WeaponPoint,,2359202,2,3,AddMMP,66,66,NON DÉTERMINÉ,NON DÉTERMINÉ,valeur brute,200000059,,CONFIRMÉ PAR LES GAMEDATA; coût FORTEMENT PROBABLE
GSSkillTree,Focalisateur,Énergie de mana fluide,Augmente les PM max 2/3,2359402,2,3,2 WeaponPoint,,2359202,2,3,AddMMP,66,66,NON DÉTERMINÉ,NON DÉTERMINÉ,valeur brute,200000059,,CONFIRMÉ PAR LES GAMEDATA; coût FORTEMENT PROBABLE
GSSkillTree,Focalisateur,Énergie de mana fluide,Augmente les PM max 3/3,2359402,3,3,2 WeaponPoint,,2359202,2,3,AddMMP,66,66,NON DÉTERMINÉ,NON DÉTERMINÉ,valeur brute,200000059,,CONFIRMÉ PAR LES GAMEDATA; coût FORTEMENT PROBABLE
GSSkillTree,Focalisateur,Énergie de mana fluide,Combo de mana,2359501,1,1,3 WeaponPoint,,2359402,3,4,TriggeredBuff,"[200000322,200000323]","[200000322,200000323]",NON DÉTERMINÉ,NON DÉTERMINÉ,valeur brute,200000060,,CONFIRMÉ PAR LES GAMEDATA
GSSkillTree,Focalisateur,Énergie de mana fluide,Carnage de mana,2359503,1,1,3 WeaponPoint,,2359402,3,4,TriggeredBuff,[200000324],[200000324],NON DÉTERMINÉ,NON DÉTERMINÉ,valeur brute,200000061,,CONFIRMÉ PAR LES GAMEDATA
GSSkillTree,Focalisateur,Énergie de mana fluide,Afflux d'énergie de mana,2359502,1,1,3 WeaponPoint,,"2359501,2359503",4,5,TriggeredBuff,[200000369],[200000369],NON DÉTERMINÉ,NON DÉTERMINÉ,valeur brute,200000368,,CONFIRMÉ PAR LES GAMEDATA
GSSkillTree,Arme d'hast,Fer-de-lance dévié,Dégâts de compétence à l'arme d'hast augmentés 1/3,2460102,1,3,3 WeaponPoint,,,0,1,IncreaseDamageByEquipGs,5,5,NON DÉTERMINÉ,NON DÉTERMINÉ,valeur brute,200000062,,CONFIRMÉ PAR LES GAMEDATA; coût FORTEMENT PROBABLE
GSSkillTree,Arme d'hast,Fer-de-lance dévié,Dégâts de compétence à l'arme d'hast augmentés 2/3,2460102,2,3,3 WeaponPoint,,,0,1,IncreaseDamageByEquipGs,5,5,NON DÉTERMINÉ,NON DÉTERMINÉ,valeur brute,200000062,,CONFIRMÉ PAR LES GAMEDATA; coût FORTEMENT PROBABLE
GSSkillTree,Arme d'hast,Fer-de-lance dévié,Dégâts de compétence à l'arme d'hast augmentés 3/3,2460102,3,3,3 WeaponPoint,,,0,1,IncreaseDamageByEquipGs,5,5,NON DÉTERMINÉ,NON DÉTERMINÉ,valeur brute,200000062,,CONFIRMÉ PAR LES GAMEDATA; coût FORTEMENT PROBABLE
GSSkillTree,Arme d'hast,Fer-de-lance dévié,Smash 1/3,2460202,1,3,2 WeaponPoint,,2460102,1,2,BreakModifier,200,200,NON DÉTERMINÉ,NON DÉTERMINÉ,valeur brute,200000063,,CONFIRMÉ PAR LES GAMEDATA; coût FORTEMENT PROBABLE
GSSkillTree,Arme d'hast,Fer-de-lance dévié,Smash 2/3,2460202,2,3,2 WeaponPoint,,2460102,1,2,BreakModifier,200,200,NON DÉTERMINÉ,NON DÉTERMINÉ,valeur brute,200000063,,CONFIRMÉ PAR LES GAMEDATA; coût FORTEMENT PROBABLE
GSSkillTree,Arme d'hast,Fer-de-lance dévié,Smash 3/3,2460202,3,3,2 WeaponPoint,,2460102,1,2,BreakModifier,200,200,NON DÉTERMINÉ,NON DÉTERMINÉ,valeur brute,200000063,,CONFIRMÉ PAR LES GAMEDATA; coût FORTEMENT PROBABLE
GSSkillTree,Arme d'hast,Fer-de-lance dévié,Parade d'arme,2460302,1,1,3 WeaponPoint,,2460202,2,3,TriggeredBuff,[200000337],[200000337],NON DÉTERMINÉ,NON DÉTERMINÉ,valeur brute,200000064,,CONFIRMÉ PAR LES GAMEDATA
GSSkillTree,Arme d'hast,Fer-de-lance dévié,Attaque pulvérisante,2460403,1,1,3 WeaponPoint,,2460302,3,4,IncreaseDamageByTargetSpecialState,300,3%,3%,3%,%,200000065,,FORTEMENT PROBABLE
GSSkillTree,Arme d'hast,Fer-de-lance dévié,Attaque pulvérisante,2460403,1,1,3 WeaponPoint,,2460302,3,4,IncreaseDamageByTargetSpecialState,300,3%,3%,3%,%,200000065,,FORTEMENT PROBABLE
GSSkillTree,Arme d'hast,Fer-de-lance dévié,Fer-de-lance dévié,2460501,1,1,3 WeaponPoint,,2460403,4,5,TriggeredBuff,[200000339],[200000339],NON DÉTERMINÉ,NON DÉTERMINÉ,valeur brute,200000066,,CONFIRMÉ PAR LES GAMEDATA
GSSkillTree,Arme d'hast,Fer-de-lance dévié,Frappe initiale,2460503,1,1,3 WeaponPoint,,2460403,4,5,TriggeredBuff,[200000340],[200000340],NON DÉTERMINÉ,NON DÉTERMINÉ,valeur brute,200000067,,CONFIRMÉ PAR LES GAMEDATA
GSSkillTree,Arme d'hast,Fer-de-lance dévié,Brèche exploitée,2460602,1,1,3 WeaponPoint,,"2460501,2460503",5,6,TriggeredBuff,"[200000372,200000373,200000374]","[200000372,200000373,200000374]",NON DÉTERMINÉ,NON DÉTERMINÉ,valeur brute,200000371,,CONFIRMÉ PAR LES GAMEDATA
GSSkillTree,Arme d'hast,Frappe brutale,Dégâts de compétence à l'arme d'hast augmentés 1/3,2461102,1,3,3 WeaponPoint,,,0,1,IncreaseDamageByEquipGs,5,5,NON DÉTERMINÉ,NON DÉTERMINÉ,valeur brute,200000068,,CONFIRMÉ PAR LES GAMEDATA; coût FORTEMENT PROBABLE
GSSkillTree,Arme d'hast,Frappe brutale,Dégâts de compétence à l'arme d'hast augmentés 2/3,2461102,2,3,3 WeaponPoint,,,0,1,IncreaseDamageByEquipGs,5,5,NON DÉTERMINÉ,NON DÉTERMINÉ,valeur brute,200000068,,CONFIRMÉ PAR LES GAMEDATA; coût FORTEMENT PROBABLE
GSSkillTree,Arme d'hast,Frappe brutale,Dégâts de compétence à l'arme d'hast augmentés 3/3,2461102,3,3,3 WeaponPoint,,,0,1,IncreaseDamageByEquipGs,5,5,NON DÉTERMINÉ,NON DÉTERMINÉ,valeur brute,200000068,,CONFIRMÉ PAR LES GAMEDATA; coût FORTEMENT PROBABLE
GSSkillTree,Arme d'hast,Frappe brutale,Chair forgée,2461302,1,1,3 WeaponPoint,,2461102,1,2,TriggeredBuff,[200000341],[200000341],NON DÉTERMINÉ,NON DÉTERMINÉ,valeur brute,200000069,,CONFIRMÉ PAR LES GAMEDATA
GSSkillTree,Arme d'hast,Frappe brutale,Physique endurant 1/3,2461401,1,3,3 WeaponPoint,,2461302,2,3,DamReduP,50,0.5%,0.5%,0.5%,%,200000070,,FORTEMENT PROBABLE; coût FORTEMENT PROBABLE
GSSkillTree,Arme d'hast,Frappe brutale,Physique endurant 2/3,2461401,2,3,3 WeaponPoint,,2461302,2,3,DamReduP,50,0.5%,0.5%,1%,%,200000070,,FORTEMENT PROBABLE; coût FORTEMENT PROBABLE
GSSkillTree,Arme d'hast,Frappe brutale,Physique endurant 3/3,2461401,3,3,3 WeaponPoint,,2461302,2,3,DamReduP,50,0.5%,0.5%,1.5%,%,200000070,,FORTEMENT PROBABLE; coût FORTEMENT PROBABLE
GSSkillTree,Arme d'hast,Frappe brutale,Amélioration des PV 1/3,2461403,1,3,2 WeaponPoint,,2461302,2,3,IncreaseMHP,100,1%,1%,1%,%,200000071,,FORTEMENT PROBABLE; coût FORTEMENT PROBABLE
GSSkillTree,Arme d'hast,Frappe brutale,Amélioration des PV 2/3,2461403,2,3,2 WeaponPoint,,2461302,2,3,IncreaseMHP,100,1%,1%,2%,%,200000071,,FORTEMENT PROBABLE; coût FORTEMENT PROBABLE
GSSkillTree,Arme d'hast,Frappe brutale,Amélioration des PV 3/3,2461403,3,3,2 WeaponPoint,,2461302,2,3,IncreaseMHP,100,1%,1%,3%,%,200000071,,FORTEMENT PROBABLE; coût FORTEMENT PROBABLE
GSSkillTree,Arme d'hast,Frappe brutale,Dégâts déviés,2461501,1,1,3 WeaponPoint,,"2461401,2461403",3,4,TriggeredBuff,[200000342],[200000342],NON DÉTERMINÉ,NON DÉTERMINÉ,valeur brute,200000072,,CONFIRMÉ PAR LES GAMEDATA
GSSkillTree,Arme d'hast,Frappe brutale,Contre-offensive,2461503,1,1,3 WeaponPoint,,2461501,4,5,TriggeredBuff,[200000344],[200000344],NON DÉTERMINÉ,NON DÉTERMINÉ,valeur brute,200000073,,CONFIRMÉ PAR LES GAMEDATA
GSSkillTree,Arme d'hast,Frappe brutale,Frappe de riposte,2461602,1,1,3 WeaponPoint,,2461503,5,6,TriggeredBuff,"[200000375,200000376]","[200000375,200000376]",NON DÉTERMINÉ,NON DÉTERMINÉ,valeur brute,200000383,,CONFIRMÉ PAR LES GAMEDATA
GSSkillTree,Arme à deux mains,Ruée de berserker,Dégâts de compétence d'arme à deux mains augmentés 1/3,2462102,1,3,3 WeaponPoint,,,0,1,IncreaseDamageByEquipGs,8,8,NON DÉTERMINÉ,NON DÉTERMINÉ,valeur brute,200000074,,CONFIRMÉ PAR LES GAMEDATA; coût FORTEMENT PROBABLE
GSSkillTree,Arme à deux mains,Ruée de berserker,Dégâts de compétence d'arme à deux mains augmentés 2/3,2462102,2,3,3 WeaponPoint,,,0,1,IncreaseDamageByEquipGs,8,8,NON DÉTERMINÉ,NON DÉTERMINÉ,valeur brute,200000074,,CONFIRMÉ PAR LES GAMEDATA; coût FORTEMENT PROBABLE
GSSkillTree,Arme à deux mains,Ruée de berserker,Dégâts de compétence d'arme à deux mains augmentés 3/3,2462102,3,3,3 WeaponPoint,,,0,1,IncreaseDamageByEquipGs,8,8,NON DÉTERMINÉ,NON DÉTERMINÉ,valeur brute,200000074,,CONFIRMÉ PAR LES GAMEDATA; coût FORTEMENT PROBABLE
GSSkillTree,Arme à deux mains,Ruée de berserker,Dégâts de coup critique augmentés 1/3,2462202,1,3,2 WeaponPoint,,2462102,1,2,CriDamP,25,0.25%,0.25%,0.25%,%,200000075,,FORTEMENT PROBABLE; coût FORTEMENT PROBABLE
GSSkillTree,Arme à deux mains,Ruée de berserker,Dégâts de coup critique augmentés 2/3,2462202,2,3,2 WeaponPoint,,2462102,1,2,CriDamP,25,0.25%,0.25%,0.5%,%,200000075,,FORTEMENT PROBABLE; coût FORTEMENT PROBABLE
GSSkillTree,Arme à deux mains,Ruée de berserker,Dégâts de coup critique augmentés 3/3,2462202,3,3,2 WeaponPoint,,2462102,1,2,CriDamP,25,0.25%,0.25%,0.75%,%,200000075,,FORTEMENT PROBABLE; coût FORTEMENT PROBABLE
GSSkillTree,Arme à deux mains,Ruée de berserker,Berserker,2462301,1,1,3 WeaponPoint,,2462202,2,3,TriggeredBuff,[200000325],[200000325],NON DÉTERMINÉ,NON DÉTERMINÉ,valeur brute,200000076,,CONFIRMÉ PAR LES GAMEDATA
GSSkillTree,Arme à deux mains,Ruée de berserker,Porte de la mort,2462403,1,1,3 WeaponPoint,,2462202,2,4,IncreaseDamageByEquipGs,8,8,NON DÉTERMINÉ,NON DÉTERMINÉ,valeur brute,200000077,,CONFIRMÉ PAR LES GAMEDATA
GSSkillTree,Arme à deux mains,Ruée de berserker,Porte de la mort,2462403,1,1,3 WeaponPoint,,2462202,2,4,ShieldModifier,-2000,-2000,NON DÉTERMINÉ,NON DÉTERMINÉ,valeur brute,200000077,,CONFIRMÉ PAR LES GAMEDATA
GSSkillTree,Arme à deux mains,Ruée de berserker,Posture offensive,2462501,1,1,3 WeaponPoint,,2462301,3,5,DamReduP,-250,-2.5%,-2.5%,-2.5%,%,200000078,,FORTEMENT PROBABLE
GSSkillTree,Arme à deux mains,Ruée de berserker,Posture offensive,2462501,1,1,3 WeaponPoint,,2462301,3,5,DamP,400,4%,4%,4%,%,200000078,,FORTEMENT PROBABLE
GSSkillTree,Arme à deux mains,Ruée de berserker,Frappe sanglante,2462503,1,1,3 WeaponPoint,,2462403,3,5,IncreaseDamageByEquipGs,8,8,NON DÉTERMINÉ,NON DÉTERMINÉ,valeur brute,200000079,,CONFIRMÉ PAR LES GAMEDATA
GSSkillTree,Arme à deux mains,Ruée de berserker,Échange équivalent,2462602,1,1,3 WeaponPoint,,"2462501,2462503",4,6,TriggeredBuff,[200000379],[200000379],NON DÉTERMINÉ,NON DÉTERMINÉ,valeur brute,200000378,,CONFIRMÉ PAR LES GAMEDATA
GSSkillTree,Arme à deux mains,Contre-offensive et restauration,Dégâts de compétence d'arme à deux mains augmentés 1/3,2463102,1,3,3 WeaponPoint,,,0,1,IncreaseDamageByEquipGs,8,8,NON DÉTERMINÉ,NON DÉTERMINÉ,valeur brute,200000080,,CONFIRMÉ PAR LES GAMEDATA; coût FORTEMENT PROBABLE
GSSkillTree,Arme à deux mains,Contre-offensive et restauration,Dégâts de compétence d'arme à deux mains augmentés 2/3,2463102,2,3,3 WeaponPoint,,,0,1,IncreaseDamageByEquipGs,8,8,NON DÉTERMINÉ,NON DÉTERMINÉ,valeur brute,200000080,,CONFIRMÉ PAR LES GAMEDATA; coût FORTEMENT PROBABLE
GSSkillTree,Arme à deux mains,Contre-offensive et restauration,Dégâts de compétence d'arme à deux mains augmentés 3/3,2463102,3,3,3 WeaponPoint,,,0,1,IncreaseDamageByEquipGs,8,8,NON DÉTERMINÉ,NON DÉTERMINÉ,valeur brute,200000080,,CONFIRMÉ PAR LES GAMEDATA; coût FORTEMENT PROBABLE
GSSkillTree,Arme à deux mains,Contre-offensive et restauration,Précision augmentée 1/3,2463202,1,3,2 WeaponPoint,,2463102,1,2,PrecisionP,50,0.5%,0.5%,0.5%,%,200000081,,FORTEMENT PROBABLE; coût FORTEMENT PROBABLE
GSSkillTree,Arme à deux mains,Contre-offensive et restauration,Précision augmentée 2/3,2463202,2,3,2 WeaponPoint,,2463102,1,2,PrecisionP,50,0.5%,0.5%,1%,%,200000081,,FORTEMENT PROBABLE; coût FORTEMENT PROBABLE
GSSkillTree,Arme à deux mains,Contre-offensive et restauration,Précision augmentée 3/3,2463202,3,3,2 WeaponPoint,,2463102,1,2,PrecisionP,50,0.5%,0.5%,1.5%,%,200000081,,FORTEMENT PROBABLE; coût FORTEMENT PROBABLE
GSSkillTree,Arme à deux mains,Contre-offensive et restauration,Attaque augmentée 1/3,2463302,1,3,2 WeaponPoint,,2463202,2,3,AttFR,50,0.5%,0.5%,0.5%,%,200000082,,FORTEMENT PROBABLE; coût FORTEMENT PROBABLE
GSSkillTree,Arme à deux mains,Contre-offensive et restauration,Attaque augmentée 2/3,2463302,2,3,2 WeaponPoint,,2463202,2,3,AttFR,50,0.5%,0.5%,1%,%,200000082,,FORTEMENT PROBABLE; coût FORTEMENT PROBABLE
GSSkillTree,Arme à deux mains,Contre-offensive et restauration,Attaque augmentée 3/3,2463302,3,3,2 WeaponPoint,,2463202,2,3,AttFR,50,0.5%,0.5%,1.5%,%,200000082,,FORTEMENT PROBABLE; coût FORTEMENT PROBABLE
GSSkillTree,Arme à deux mains,Contre-offensive et restauration,Blessure régénérante,2463303,1,1,3 WeaponPoint,,2463202,2,3,TriggeredBuff,[200000327],[200000327],NON DÉTERMINÉ,NON DÉTERMINÉ,valeur brute,200000083,,CONFIRMÉ PAR LES GAMEDATA
GSSkillTree,Arme à deux mains,Contre-offensive et restauration,Récupération de force,2463401,1,1,3 WeaponPoint,,2463302,3,4,TriggeredBuff,[200000331],[200000331],NON DÉTERMINÉ,NON DÉTERMINÉ,valeur brute,200000084,,CONFIRMÉ PAR LES GAMEDATA
GSSkillTree,Arme à deux mains,Contre-offensive et restauration,Frappe de rage,2463503,1,1,3 WeaponPoint,,2463303,3,5,TriggeredBuff,[200000332],[200000332],NON DÉTERMINÉ,NON DÉTERMINÉ,valeur brute,200000085,,CONFIRMÉ PAR LES GAMEDATA
GSSkillTree,Arme à deux mains,Contre-offensive et restauration,Seconde chance,2463602,1,1,3 WeaponPoint,,"2463401,2463503",4,6,TriggeredBuff,[200000382],[200000382],NON DÉTERMINÉ,NON DÉTERMINÉ,valeur brute,200000381,,CONFIRMÉ PAR LES GAMEDATA
LordSkillTree,Physique,Amélioration corporelle I,Attaque augmentée 1/3,31100102,1,3,1 SpecialPoint,,,0,1,AttFR,100,1%,1%,1%,%,200000086,,FORTEMENT PROBABLE; coût FORTEMENT PROBABLE
LordSkillTree,Physique,Amélioration corporelle I,Attaque augmentée 2/3,31100102,2,3,1 SpecialPoint,,,0,1,AttFR,100,1%,1%,2%,%,200000086,,FORTEMENT PROBABLE; coût FORTEMENT PROBABLE
LordSkillTree,Physique,Amélioration corporelle I,Attaque augmentée 3/3,31100102,3,3,1 SpecialPoint,,,0,1,AttFR,100,1%,1%,3%,%,200000086,,FORTEMENT PROBABLE; coût FORTEMENT PROBABLE
LordSkillTree,Physique,Amélioration corporelle I,Défense augmentée 1/3,31100201,1,3,1 SpecialPoint,,31100102,1,2,ArmFR,100,1%,1%,1%,%,200000087,,FORTEMENT PROBABLE; coût FORTEMENT PROBABLE
LordSkillTree,Physique,Amélioration corporelle I,Défense augmentée 2/3,31100201,2,3,1 SpecialPoint,,31100102,1,2,ArmFR,100,1%,1%,2%,%,200000087,,FORTEMENT PROBABLE; coût FORTEMENT PROBABLE
LordSkillTree,Physique,Amélioration corporelle I,Défense augmentée 3/3,31100201,3,3,1 SpecialPoint,,31100102,1,2,ArmFR,100,1%,1%,3%,%,200000087,,FORTEMENT PROBABLE; coût FORTEMENT PROBABLE
LordSkillTree,Physique,Amélioration corporelle I,PV augmentés 1/3,31100203,1,3,1 SpecialPoint,,31100102,1,2,IncreaseMHP,100,1%,1%,1%,%,200000088,,FORTEMENT PROBABLE; coût FORTEMENT PROBABLE
LordSkillTree,Physique,Amélioration corporelle I,PV augmentés 2/3,31100203,2,3,1 SpecialPoint,,31100102,1,2,IncreaseMHP,100,1%,1%,2%,%,200000088,,FORTEMENT PROBABLE; coût FORTEMENT PROBABLE
LordSkillTree,Physique,Amélioration corporelle I,PV augmentés 3/3,31100203,3,3,1 SpecialPoint,,31100102,1,2,IncreaseMHP,100,1%,1%,3%,%,200000088,,FORTEMENT PROBABLE; coût FORTEMENT PROBABLE
LordSkillTree,Physique,Amélioration corporelle I,Attaque augmentée 1/3,31100302,1,3,1 SpecialPoint,,"31100201,31100203",2,3,AttFR,100,1%,1%,1%,%,200000089,,FORTEMENT PROBABLE; coût FORTEMENT PROBABLE
LordSkillTree,Physique,Amélioration corporelle I,Attaque augmentée 2/3,31100302,2,3,1 SpecialPoint,,"31100201,31100203",2,3,AttFR,100,1%,1%,2%,%,200000089,,FORTEMENT PROBABLE; coût FORTEMENT PROBABLE
LordSkillTree,Physique,Amélioration corporelle I,Attaque augmentée 3/3,31100302,3,3,1 SpecialPoint,,"31100201,31100203",2,3,AttFR,100,1%,1%,3%,%,200000089,,FORTEMENT PROBABLE; coût FORTEMENT PROBABLE
LordSkillTree,Physique,Amélioration corporelle I,Défense augmentée 1/3,31100401,1,3,1 SpecialPoint,,31100302,3,4,ArmFR,100,1%,1%,1%,%,200000090,,FORTEMENT PROBABLE; coût FORTEMENT PROBABLE
LordSkillTree,Physique,Amélioration corporelle I,Défense augmentée 2/3,31100401,2,3,1 SpecialPoint,,31100302,3,4,ArmFR,100,1%,1%,2%,%,200000090,,FORTEMENT PROBABLE; coût FORTEMENT PROBABLE
LordSkillTree,Physique,Amélioration corporelle I,Défense augmentée 3/3,31100401,3,3,1 SpecialPoint,,31100302,3,4,ArmFR,100,1%,1%,3%,%,200000090,,FORTEMENT PROBABLE; coût FORTEMENT PROBABLE
LordSkillTree,Physique,Amélioration corporelle I,PV augmentés 1/3,31100403,1,3,1 SpecialPoint,,31100302,3,4,IncreaseMHP,100,1%,1%,1%,%,200000091,,FORTEMENT PROBABLE; coût FORTEMENT PROBABLE
LordSkillTree,Physique,Amélioration corporelle I,PV augmentés 2/3,31100403,2,3,1 SpecialPoint,,31100302,3,4,IncreaseMHP,100,1%,1%,2%,%,200000091,,FORTEMENT PROBABLE; coût FORTEMENT PROBABLE
LordSkillTree,Physique,Amélioration corporelle I,PV augmentés 3/3,31100403,3,3,1 SpecialPoint,,31100302,3,4,IncreaseMHP,100,1%,1%,3%,%,200000091,,FORTEMENT PROBABLE; coût FORTEMENT PROBABLE
LordSkillTree,Physique,Amélioration corporelle I,Attaque augmentée 1/3,31100502,1,3,1 SpecialPoint,,"31100401,31100403",4,5,AttFR,100,1%,1%,1%,%,200000092,,FORTEMENT PROBABLE; coût FORTEMENT PROBABLE
LordSkillTree,Physique,Amélioration corporelle I,Attaque augmentée 2/3,31100502,2,3,1 SpecialPoint,,"31100401,31100403",4,5,AttFR,100,1%,1%,2%,%,200000092,,FORTEMENT PROBABLE; coût FORTEMENT PROBABLE
LordSkillTree,Physique,Amélioration corporelle I,Attaque augmentée 3/3,31100502,3,3,1 SpecialPoint,,"31100401,31100403",4,5,AttFR,100,1%,1%,3%,%,200000092,,FORTEMENT PROBABLE; coût FORTEMENT PROBABLE
LordSkillTree,Physique,Amélioration corporelle I,Défense augmentée 1/3,31100601,1,3,1 SpecialPoint,,31100502,5,6,ArmFR,100,1%,1%,1%,%,200000093,,FORTEMENT PROBABLE; coût FORTEMENT PROBABLE
LordSkillTree,Physique,Amélioration corporelle I,Défense augmentée 2/3,31100601,2,3,1 SpecialPoint,,31100502,5,6,ArmFR,100,1%,1%,2%,%,200000093,,FORTEMENT PROBABLE; coût FORTEMENT PROBABLE
LordSkillTree,Physique,Amélioration corporelle I,Défense augmentée 3/3,31100601,3,3,1 SpecialPoint,,31100502,5,6,ArmFR,100,1%,1%,3%,%,200000093,,FORTEMENT PROBABLE; coût FORTEMENT PROBABLE
LordSkillTree,Physique,Amélioration corporelle I,PV augmentés 1/3,31100603,1,3,1 SpecialPoint,,31100502,5,6,IncreaseMHP,100,1%,1%,1%,%,200000094,,FORTEMENT PROBABLE; coût FORTEMENT PROBABLE
LordSkillTree,Physique,Amélioration corporelle I,PV augmentés 2/3,31100603,2,3,1 SpecialPoint,,31100502,5,6,IncreaseMHP,100,1%,1%,2%,%,200000094,,FORTEMENT PROBABLE; coût FORTEMENT PROBABLE
LordSkillTree,Physique,Amélioration corporelle I,PV augmentés 3/3,31100603,3,3,1 SpecialPoint,,31100502,5,6,IncreaseMHP,100,1%,1%,3%,%,200000094,,FORTEMENT PROBABLE; coût FORTEMENT PROBABLE
LordSkillTree,Physique,Amélioration corporelle II,Taux de coup critique augmenté 1/3,31101102,1,3,1 SpecialPoint,,,0,1,CriticalP,33,0.33%,0.33%,0.33%,%,200000095,,FORTEMENT PROBABLE; coût FORTEMENT PROBABLE
LordSkillTree,Physique,Amélioration corporelle II,Taux de coup critique augmenté 2/3,31101102,2,3,1 SpecialPoint,,,0,1,CriticalP,33,0.33%,0.33%,0.66%,%,200000095,,FORTEMENT PROBABLE; coût FORTEMENT PROBABLE
LordSkillTree,Physique,Amélioration corporelle II,Taux de coup critique augmenté 3/3,31101102,3,3,1 SpecialPoint,,,0,1,CriticalP,33,0.33%,0.33%,0.99%,%,200000095,,FORTEMENT PROBABLE; coût FORTEMENT PROBABLE
LordSkillTree,Physique,Amélioration corporelle II,Pénétration de défense augmentée 1/3,31101201,1,3,1 SpecialPoint,,31101102,1,2,ArmPenP,33,0.33%,0.33%,0.33%,%,200000096,,FORTEMENT PROBABLE; coût FORTEMENT PROBABLE
LordSkillTree,Physique,Amélioration corporelle II,Pénétration de défense augmentée 2/3,31101201,2,3,1 SpecialPoint,,31101102,1,2,ArmPenP,33,0.33%,0.33%,0.66%,%,200000096,,FORTEMENT PROBABLE; coût FORTEMENT PROBABLE
LordSkillTree,Physique,Amélioration corporelle II,Pénétration de défense augmentée 3/3,31101201,3,3,1 SpecialPoint,,31101102,1,2,ArmPenP,33,0.33%,0.33%,0.99%,%,200000096,,FORTEMENT PROBABLE; coût FORTEMENT PROBABLE
LordSkillTree,Physique,Amélioration corporelle II,Pénétration de défense augmentée 1/3,31101203,1,3,1 SpecialPoint,,31101102,1,2,ArmPenP,33,0.33%,0.33%,0.33%,%,200000097,,FORTEMENT PROBABLE; coût FORTEMENT PROBABLE
LordSkillTree,Physique,Amélioration corporelle II,Pénétration de défense augmentée 2/3,31101203,2,3,1 SpecialPoint,,31101102,1,2,ArmPenP,33,0.33%,0.33%,0.66%,%,200000097,,FORTEMENT PROBABLE; coût FORTEMENT PROBABLE
LordSkillTree,Physique,Amélioration corporelle II,Pénétration de défense augmentée 3/3,31101203,3,3,1 SpecialPoint,,31101102,1,2,ArmPenP,33,0.33%,0.33%,0.99%,%,200000097,,FORTEMENT PROBABLE; coût FORTEMENT PROBABLE
LordSkillTree,Physique,Amélioration corporelle II,Taux de coup critique augmenté 1/3,31101302,1,3,1 SpecialPoint,,"31101201,31101203",2,3,CriticalP,33,0.33%,0.33%,0.33%,%,200000098,,FORTEMENT PROBABLE; coût FORTEMENT PROBABLE
LordSkillTree,Physique,Amélioration corporelle II,Taux de coup critique augmenté 2/3,31101302,2,3,1 SpecialPoint,,"31101201,31101203",2,3,CriticalP,33,0.33%,0.33%,0.66%,%,200000098,,FORTEMENT PROBABLE; coût FORTEMENT PROBABLE
LordSkillTree,Physique,Amélioration corporelle II,Taux de coup critique augmenté 3/3,31101302,3,3,1 SpecialPoint,,"31101201,31101203",2,3,CriticalP,33,0.33%,0.33%,0.99%,%,200000098,,FORTEMENT PROBABLE; coût FORTEMENT PROBABLE
LordSkillTree,Physique,Amélioration corporelle II,Pénétration de défense augmentée 1/3,31101401,1,3,1 SpecialPoint,,31101302,3,4,ArmPenP,33,0.33%,0.33%,0.33%,%,200000099,,FORTEMENT PROBABLE; coût FORTEMENT PROBABLE
LordSkillTree,Physique,Amélioration corporelle II,Pénétration de défense augmentée 2/3,31101401,2,3,1 SpecialPoint,,31101302,3,4,ArmPenP,33,0.33%,0.33%,0.66%,%,200000099,,FORTEMENT PROBABLE; coût FORTEMENT PROBABLE
LordSkillTree,Physique,Amélioration corporelle II,Pénétration de défense augmentée 3/3,31101401,3,3,1 SpecialPoint,,31101302,3,4,ArmPenP,33,0.33%,0.33%,0.99%,%,200000099,,FORTEMENT PROBABLE; coût FORTEMENT PROBABLE
LordSkillTree,Physique,Amélioration corporelle II,Pénétration de défense augmentée 1/3,31101403,1,3,1 SpecialPoint,,31101302,3,4,ArmPenP,33,0.33%,0.33%,0.33%,%,200000100,,FORTEMENT PROBABLE; coût FORTEMENT PROBABLE
LordSkillTree,Physique,Amélioration corporelle II,Pénétration de défense augmentée 2/3,31101403,2,3,1 SpecialPoint,,31101302,3,4,ArmPenP,33,0.33%,0.33%,0.66%,%,200000100,,FORTEMENT PROBABLE; coût FORTEMENT PROBABLE
LordSkillTree,Physique,Amélioration corporelle II,Pénétration de défense augmentée 3/3,31101403,3,3,1 SpecialPoint,,31101302,3,4,ArmPenP,33,0.33%,0.33%,0.99%,%,200000100,,FORTEMENT PROBABLE; coût FORTEMENT PROBABLE
LordSkillTree,Physique,Amélioration corporelle II,Dégâts subis réduits 1/3,31101501,1,3,1 SpecialPoint,,31101401,4,5,DamReduP,33,0.33%,0.33%,0.33%,%,200000101,,FORTEMENT PROBABLE; coût FORTEMENT PROBABLE
LordSkillTree,Physique,Amélioration corporelle II,Dégâts subis réduits 2/3,31101501,2,3,1 SpecialPoint,,31101401,4,5,DamReduP,33,0.33%,0.33%,0.66%,%,200000101,,FORTEMENT PROBABLE; coût FORTEMENT PROBABLE
LordSkillTree,Physique,Amélioration corporelle II,Dégâts subis réduits 3/3,31101501,3,3,1 SpecialPoint,,31101401,4,5,DamReduP,33,0.33%,0.33%,0.99%,%,200000101,,FORTEMENT PROBABLE; coût FORTEMENT PROBABLE
LordSkillTree,Physique,Amélioration corporelle II,Dégâts subis réduits 1/3,31101503,1,3,1 SpecialPoint,,31101403,4,5,DamReduP,33,0.33%,0.33%,0.33%,%,200000102,,FORTEMENT PROBABLE; coût FORTEMENT PROBABLE
LordSkillTree,Physique,Amélioration corporelle II,Dégâts subis réduits 2/3,31101503,2,3,1 SpecialPoint,,31101403,4,5,DamReduP,33,0.33%,0.33%,0.66%,%,200000102,,FORTEMENT PROBABLE; coût FORTEMENT PROBABLE
LordSkillTree,Physique,Amélioration corporelle II,Dégâts subis réduits 3/3,31101503,3,3,1 SpecialPoint,,31101403,4,5,DamReduP,33,0.33%,0.33%,0.99%,%,200000102,,FORTEMENT PROBABLE; coût FORTEMENT PROBABLE
LordSkillTree,Physique,Amélioration corporelle II,Taux de coup critique augmenté 1/3,31101601,1,3,1 SpecialPoint,,31101501,5,6,CriticalP,33,0.33%,0.33%,0.33%,%,200000103,,FORTEMENT PROBABLE; coût FORTEMENT PROBABLE
LordSkillTree,Physique,Amélioration corporelle II,Taux de coup critique augmenté 2/3,31101601,2,3,1 SpecialPoint,,31101501,5,6,CriticalP,33,0.33%,0.33%,0.66%,%,200000103,,FORTEMENT PROBABLE; coût FORTEMENT PROBABLE
LordSkillTree,Physique,Amélioration corporelle II,Taux de coup critique augmenté 3/3,31101601,3,3,1 SpecialPoint,,31101501,5,6,CriticalP,33,0.33%,0.33%,0.99%,%,200000103,,FORTEMENT PROBABLE; coût FORTEMENT PROBABLE
LordSkillTree,Physique,Amélioration corporelle II,Taux de coup critique augmenté 1/3,31101603,1,3,1 SpecialPoint,,31101503,5,6,CriticalP,33,0.33%,0.33%,0.33%,%,200000104,,FORTEMENT PROBABLE; coût FORTEMENT PROBABLE
LordSkillTree,Physique,Amélioration corporelle II,Taux de coup critique augmenté 2/3,31101603,2,3,1 SpecialPoint,,31101503,5,6,CriticalP,33,0.33%,0.33%,0.66%,%,200000104,,FORTEMENT PROBABLE; coût FORTEMENT PROBABLE
LordSkillTree,Physique,Amélioration corporelle II,Taux de coup critique augmenté 3/3,31101603,3,3,1 SpecialPoint,,31101503,5,6,CriticalP,33,0.33%,0.33%,0.99%,%,200000104,,FORTEMENT PROBABLE; coût FORTEMENT PROBABLE
LordSkillTree,Éveil du monarque,Vision ombrale,L'Aube du règne I,31102102,1,1,3 SpecialPoint,,,0,1,EXRecovery,1000,1000,NON DÉTERMINÉ,NON DÉTERMINÉ,valeur brute,200000105,,CONFIRMÉ PAR LES GAMEDATA
LordSkillTree,Éveil du monarque,Vision ombrale,L'Aube du règne II,31102201,1,1,3 SpecialPoint,,31102102,1,2,EXGainRateAdd,2000,2000,NON DÉTERMINÉ,NON DÉTERMINÉ,valeur brute,200000106,,CONFIRMÉ PAR LES GAMEDATA
LordSkillTree,Éveil du monarque,Vision ombrale,L'Aube du règne III,31102203,1,1,3 SpecialPoint,,31102102,1,2,EXGainRateAdd,2000,2000,NON DÉTERMINÉ,NON DÉTERMINÉ,valeur brute,200000107,,CONFIRMÉ PAR LES GAMEDATA
LordSkillTree,Éveil du monarque,Vision ombrale,L'Aube du règne IV,31102302,1,1,3 SpecialPoint,,"31102201,31102203",2,3,EXGainRateAdd,2000,2000,NON DÉTERMINÉ,NON DÉTERMINÉ,valeur brute,200000108,,CONFIRMÉ PAR LES GAMEDATA
LordSkillTree,Éveil du monarque,Vision ombrale,Lame vampirique,31102401,1,1,3 SpecialPoint,,31102302,3,4,TriggeredBuff,"[200000400,200000423]","[200000400,200000423]",NON DÉTERMINÉ,NON DÉTERMINÉ,valeur brute,200000109,,CONFIRMÉ PAR LES GAMEDATA
LordSkillTree,Éveil du monarque,Vision ombrale,Tranchant des ombres I,31102402,1,1,3 SpecialPoint,,31102302,3,4,TriggeredBuff,[200000403],[200000403],NON DÉTERMINÉ,NON DÉTERMINÉ,valeur brute,200000111,,CONFIRMÉ PAR LES GAMEDATA
LordSkillTree,Éveil du monarque,Vision ombrale,Tempête d'ombre I,31102403,1,1,3 SpecialPoint,,31102302,3,4,TriggeredBuff,[200000404],[200000404],NON DÉTERMINÉ,NON DÉTERMINÉ,valeur brute,200000113,,CONFIRMÉ PAR LES GAMEDATA
LordSkillTree,Éveil du monarque,Vision ombrale,Ruée de l'ombre,31102501,1,1,3 SpecialPoint,,31102401,4,5,TriggeredBuff,[200000402],[200000402],NON DÉTERMINÉ,NON DÉTERMINÉ,valeur brute,200000110,,CONFIRMÉ PAR LES GAMEDATA
LordSkillTree,Éveil du monarque,Vision ombrale,Tranchant des ombres II,31102502,1,1,3 SpecialPoint,,31102402,4,5,SkillChange,1001117000000,1001117000000,NON DÉTERMINÉ,NON DÉTERMINÉ,valeur brute,200000112,,CONFIRMÉ PAR LES GAMEDATA
LordSkillTree,Éveil du monarque,Vision ombrale,Tempête d'ombre II,31102503,1,1,3 SpecialPoint,,31102403,4,5,TriggeredBuff,"[200000405,200000406]","[200000405,200000406]",NON DÉTERMINÉ,NON DÉTERMINÉ,valeur brute,200000114,,CONFIRMÉ PAR LES GAMEDATA
LordSkillTree,Éveil du monarque,Libération d'âme,Cape du monarque,31103102,1,1,3 SpecialPoint,,,0,1,TriggeredBuff,[200000409],[200000409],NON DÉTERMINÉ,NON DÉTERMINÉ,valeur brute,200000115,,CONFIRMÉ PAR LES GAMEDATA
LordSkillTree,Éveil du monarque,Libération d'âme,Acte des ombres I,31103201,1,1,3 SpecialPoint,,31103102,1,2,TriggeredBuff,[200000411],[200000411],NON DÉTERMINÉ,NON DÉTERMINÉ,valeur brute,200000116,,CONFIRMÉ PAR LES GAMEDATA
LordSkillTree,Éveil du monarque,Libération d'âme,Acte des ombres II,31103203,1,1,3 SpecialPoint,,31103102,1,2,TriggeredBuff,[200000413],[200000413],NON DÉTERMINÉ,NON DÉTERMINÉ,valeur brute,200000117,,CONFIRMÉ PAR LES GAMEDATA
LordSkillTree,Éveil du monarque,Libération d'âme,Âme du clair de lune I,31103301,1,1,3 SpecialPoint,,31103201,2,3,SkillChange,1001112000000,1001112000000,NON DÉTERMINÉ,NON DÉTERMINÉ,valeur brute,200000118,,CONFIRMÉ PAR LES GAMEDATA
LordSkillTree,Éveil du monarque,Libération d'âme,Enchaînement d'ombre I,31103303,1,1,3 SpecialPoint,,31103203,2,3,TriggeredBuff,[200000415],[200000415],NON DÉTERMINÉ,NON DÉTERMINÉ,valeur brute,200000120,,CONFIRMÉ PAR LES GAMEDATA
LordSkillTree,Éveil du monarque,Libération d'âme,Âme du clair de lune II,31103401,1,1,3 SpecialPoint,,31103301,3,4,TriggeredBuff,[1300221001],[1300221001],NON DÉTERMINÉ,NON DÉTERMINÉ,valeur brute,200000119,,CONFIRMÉ PAR LES GAMEDATA
LordSkillTree,Éveil du monarque,Libération d'âme,Enchaînement d'ombre II,31103403,1,1,3 SpecialPoint,,31103303,3,4,TriggeredBuff,[200000416],[200000416],NON DÉTERMINÉ,NON DÉTERMINÉ,valeur brute,200000121,,CONFIRMÉ PAR LES GAMEDATA
LordSkillTree,Éveil du monarque,Libération d'âme,Présage de destruction I,31103501,1,1,3 SpecialPoint,,31103401,4,5,TriggeredBuff,"[200000417,200000418]","[200000417,200000418]",NON DÉTERMINÉ,NON DÉTERMINÉ,valeur brute,200000122,,CONFIRMÉ PAR LES GAMEDATA
LordSkillTree,Éveil du monarque,Libération d'âme,Présage de destruction II,31103503,1,1,3 SpecialPoint,,31103403,4,5,EnhanceSkillDamage,1000,1000,NON DÉTERMINÉ,NON DÉTERMINÉ,valeur brute,200000123,,CONFIRMÉ PAR LES GAMEDATA
